,0
0,Click the following buttons to deactivate
1,Thanks for your understanding
2,Birthday is a day that a person celebrates the anniversary of his or her birth
3,Easy and simple to use
4,Menu
5,Main interface
6,device administration
7,Functions introduction
8,"With this free app, maybe you can make yourself more popular among your friends"
9,"You can click them here to check the detail information for the day of his/her birthday, such as will be age, week day and zodiac sign and so on"
10,This app here is free for all
11,Information for person&#39;s birthday
12,It is the section you can set the alarm clock and some other display information
13,Birthday countdown days show
14,setting
15,Click to save it and then you will find it in the main interface
16,BEFORE DOWNLOAD
17,location and security
18,Press the new button in the main interface
19,"Now, download it"
20,Settings
21,"You also can turn on/off alarm, set alarm time, sound and vibration effects"
22,The things in this application are around with birthday
23,You also can have some further operations by long pressing it
24,"Calculate way and date format can be chose in this section, and various options are provided by Birthday Countdown Alarm Clock"
25,About Uninstall
26,Find this app there and uncheck to uninstall
27,Be a nice person and start with Birthday Countdown Alarm Clock
28,This app can be activated by the inside setting button
29,Base on android mobile operating system
30,How to remember the person&#39;s birthday though Birthday Countdown Alarm Clock(READ_CONTACTS)
31,Features
32,"This application is used to help you to remember the birthday of people who important for you, and it will remind you when the birthday comes(READ_CONTACTS)"
33,"It will show you the person&#39;s name, and left days to his/her birthday"
34,Download this app and you will find them out
35,Alarm clock for birthday
36,"Then you need to deactivate before you uninstall it, otherwise, you cannot uninstall it"
37,"Enter into the information, including name, description and birthday"
38,It is also ad-supported which means that you may find icon ads or notification ads in this app(RECEIVE_BOOT_COMPLETED)
39,Every year we host more than a thousand events at more than 50 locations as part of our ongoing commitment to provide financial professionals with the best in continuing professional education
40,AICPE offers NASBA-certified curriculum in a variety of mediums
41,"Our finance leaders provide the trusted knowledge, resources and connections to enable you to become a more effective leader, driving your performance and results"
42,Your application threshold Holy Kazimiyah
43,Baghdad
44,Peace on long prostration ally
45,Aljawadain Holy Shrine
46,"The term &#39;assault rifle&#39; is often more loosely used for commercial or political reasons to include other types of arms, particularly arms that fall under a strict definition of the battle rifle, or semi-automatic variant of military rifles such as AR-15s"
47,"The term assault rifle is a translation of the German word Sturmgewehr (literally &#39;storm rifle&#39;, as in &#39;to storm a position&#39;)"
48,more power than a pistol but less than a standard rifle or battle rifle;
49,"Assault rifles are categorized in between light machine guns, which are intended more for sustained automatic fire in a light support role, and submachine guns, which fire a pistol cartridge rather than a rifle cartridge"
50,Belt-fed weapons or rifles with fixed magazines are likewise not assault rifles because they do not have detachable box magazines
51,"Rifles that meet most of these criteria, but not all, are technically not assault rifles despite frequently being considered as such"
52,An assault rifle is a automatic rifle that uses an intermediate cartridge and a detachable magazine
53,a buttstock);
54,Assault rifles are the standard infantry weapons in most modern armies
55,It must be capable of selective fire;
56,The translation assault rifle gradually became the common term for similar firearms sharing the same technical definition as the StG 44
57,"The name was coined by Adolf Hitler to describe the Maschinenpistole 43, subsequently re-named Sturmgewehr 44, the firearm generally considered the first assault rifle that served to popularise the concept and form the basis for today&#39;s modern assault rifles"
58,It must have an intermediate-power cartridge
59,"The US Army defines assault rifles as &#39;short, compact, selective-fire weapons that fire a cartridge intermediate in power between submachinegun and rifle cartridges"
60,"Examples of assault rifles include the Kalashnikov family, the M16 rifle, Enfield SA80, Heckler and Koch G36, FN F2000, and the Steyr AUG"
61,Its ammunition must be supplied from a detachable magazine rather than a feed-belt
62,"For example, semi-automatic-only rifles like the AR-15 (which the M16 rifle is based on) that share designs with assault rifles are not assault rifles, as they are not capable of switching to automatic fire and thus are not selective fire capable"
63,And it should at least have a firing range of 300 meters (984 feet)
64,"In a strict definition, a firearm must have at least the following characteristics to be considered an assault rifle"
65,It must be an individual weapon with provision to fire from the shoulder (i.e
66,Anti-Theft you can use avast
67,Mobile Security advanced installation mode if you want to leverage rooted functionality
68,Mobile Security app here
69,"Note that this version does NOT offer root features, you need to install avast"
70,"Mobile Security which offers an uninstallation wizard that leads you through the process, both on rooted and non-rooted installs"
71,Anti-Theft from avast
72,Do not install this without being sent here from avast
73,If you run into trouble and you need to uninstall avast
74,Please instead install our full avast
75,Mobile Security first
76,Livery Coach is a leading back-end reservation and dispatch system for transportation companies
77,iLivery allows their customers to view their existing ground travel reservations
78,New message / Recent message
79,Favorite App Lists
80,"And we sincerely hope you join Toucher translation project, helping us translate Toucher into your language"
81,Features
82,Calender / Events
83,"Hi, &#39;Blue Light&#39; has been a hit"
84,"EVA, specially designed for Toucher"
85,Check Toucher translation project
86,"EVA Toucher Theme, designed by GO Dev Team, who brings you GO Launcher Super theme"
87,System Switches
88,And now we introduce you a brand new one
89,Looking forward to your feedback
90,"EVA Toucher Theme, another Toucher theme from GO Launcher Dev Team"
91,Combine the practicability of Colorbar theme with fascinating Sci-Fi looking
92,"Inspired by one of the best-seller super theme from GO Launcher, EVA, now coming to Toucher"
93,Time
94,&#39;EVA&#39;
95,Contacts / Recent calls(READ_CONTACTS)
96,"Welcome to The Cattleman Now, featuring news, market reports, event information, TSCRA resources, classified ads and more"
97,"From the world&#39;s leading live entertainment company, the Live Nation app is now available for Android"
98,"Next, plug into the concert experience where you can check out set lists on the go, view your ticket info and seating charts all in one place"
99,"Browse, search, and discover concerts for your favorite artists near you; get alerts on exclusive app pre-sales, onsales, and last minute tickets; and easily and quickly purchase authentic tickets while in the app"
100,"your own Smartphone), distribution and processing in whatever form, shall remain vested in the manufacturers"
101,Rail Planner
102,Offline Timetable for Eurail and InterRail Passes
103,Find train stations and near your current position
104,"All rights, including the right of reproduction (except for the purpose of program execution on"
105,Additionally some private railway companies do not participate in the Eurail and InterRail Pass offer; a full price ticket is necessary to travel on private railways
106,by the way of retransmission using an instrument for transmission
107,It provides offline timetable information for international European trains and
108,Neither the manufacturer nor the publisher shall be liable for inaccurate
109,information system shall be only used for own purpose and shall not be used commercially or
110,"extra benefits available with your Eurail or InterRail Pass will help you save money during your journey and, city maps will help you get an overview of the major European cities(ACCESS_COARSE_LOCATION,ACCESS_FINE_LOCATION)"
111,Departure and arrival boards available for any station
112,The liability for
113,at the moment of starting the download
114,The use of an automated
115,Some of the features
116,"connections, synchronising and simplifying cross-European travel"
117,"Once the Rail Planner app is downloaded you won&#39;t even need an internet connection, except when you use some special features.And there&#39;s more(ACCESS_COARSE_LOCATION)"
118,Benefits for Eurail and InterRail Pass holders
119,The license terms are deemed to be accepted
120,Rail Planner offers everything you need to help plan your rail journey in Europe
121,"City maps of major European cities(ACCESS_COARSE_LOCATION,ACCESS_FINE_LOCATION)"
122,The
123,Conditions of use
124,Save your most frequent searches as favourites
125,Country facts of all participating countries Enjoy your trip
126,Please note that some trains require a supplement and/or reservation which are not included in the price of your pass
127,Find train stations using augmented reality
128,"information, transmission errors or consequential damages of any kind"
129,"intent, gross negligence or injury to life or personal injury is without prejudice"
130,system or software to extract data is prohibited
131,"At this three-day forum, attendees enjoy collaborative discussions on emerging trends and innovations, critical economic issues and perspectives on the complex future of the global marketplace"
132,"TCS Summit is the annual conclave that Tata Consultancy Services holds in the US, Europe and APAC"
133,"The TCS Summit mobile app provides attendees with a detailed schedule of events, speaker bios, a venue map, participant lists,surveys, and messaging capabilities that allow attendees to network before, during, and after the event(WRITE_EXTERNAL_STORAGE)"
134,"Now in its ninth year, TCS Summit North America 2013 continues the tradition of gathering together senior business and IT executives,distinguished speakers and influential business leaders for an exclusive and enriching experience"
135,"the coffee stop, a christian coffee house and bistro"
136,"come hang out and have some great coffee, shot a game of pool, or play video games and the big screen"
137,Watch our calender for special events
138,Una estacion de radio por internet con el matiz que ha distinguido a Olganelly en sus 30 aos en medios
139,Porque todos somos uno
140,Esa es nuestra filosofia
141,"Welcome to the real radio, the radio of the new era"
142,&#39; Why
143,That is our philosophy
144,Por que
145,"Con publicidad porque todos necesitamos de todos, pero una publicidad inteligente que aporta calidad a tu vida y sin saturarte de comerciales"
146,Because we are all one
147,"You&#39;ll hear entertaining programs but also leave something useful for your life, who will advise you without getting in a perspective of &#39;I know more than you"
148,HUMAN RADIO
149,la RADIO HUMANA
150,"De la mano de Olganelly Garcia, una de las comunicadoras mas reconocidas y respetadas de Mexico, llega Radio Humana"
151,the human side
152,"Led by Olganelly Garcia, one of the most recognized and respected communicators of Mexico, arrives Human Radio"
153,"Bienvenido a la verdadera radio, la radio de la nueva era"
154,"With advertising because all need each other, but clever advertising that brings quality to saturate your life without commercials"
155,"Escucharas programas entretenidos pero que ademas dejan algo util para tu vida, que te orientaran sin ponernos en una perspectiva de &#39;yo se mas que tu&#39;"
156,An Internet radio station with the nuance that has distinguished Olganelly in his 30 years in media
157,el lado humano
158,Find phone by cell phone tower signal
159,Geofence alerts
160,It&#39;s only a bonus to you know our best option for your family
161,Full history phone location(ACCESS_FINE_LOCATION)
162,"if you are a subscriber of Sprint, AT and T, Verizon or T-mobile verify if your data plan and GPS are activated to get exact locations"
163,Note
164,SMS Tracking app help you to keep safe and protected
165,"No charges, no credit cards, no hidden fees"
166,It&#39;s a complete Family Safety Service
167,Install it today and get 7 days trial for Premium version
168,Contact list monitoring
169,"If you experience problems with sms tracker and backup app, please don&#39;t hesitate to CONTACT US at support.zoemob.com"
170,"Compatible with Sprint, Verizon, AT and T, T-mobile and any other carrier in the USA"
171,If you already have a licensed ZoeMob app installed on your device you don&#39;t need install this version of the application
172,Callbacks
173,"But don&#39;t worry, because your account will keep FREE after that"
174,Free SMS Tracker is the ideal service for anyone who want to make sure their families keep safe and free from threats to their personal safety and privacy
175,So it&#39;s more than a simple sms tracker
176,"We want protect people and families and not only check backup SMS, check GPS status or tracking objects using the technology available on mobile devices"
177,KEEP IN TOUCH
178,SMS tracking and monitoring
179,Family Messenger
180,"Free SMS Tracker is made to get your phone and your family protected 24 hours anywhere, anytime"
181,"Call logs tracker and monitoring (call tracker, call history, call timer, all calls data, previous call logs, history of calls logs)(READ_CONTACTS)"
182,Web control panel (send commands to phone)
183,We&#39;re unable to help if you only leave a comment on the Google Play
184,"Remotely wipe phone data (contacts, sms, photos, videos etc)"
185,PREMIUM VERSION
186,Powered by ZoeMob plattform
187,"It&#39;s an innovative application complementary to sms blocker, sms filter and sms control and other security phone features you can find on Android market"
188,SM Tracker features (SMS Tracking)
189,We want to help you
190,Find phone using GPS Location(ACCESS_FINE_LOCATION)
191,Get the Game Time forecast before you head out to the big game
192,Find the HS Football stadium where your team is playing
193,It&#39;s the Power of KSAT in your hands
194,Use this app to share your game photos and you could end up on TV
195,Follow your favorite team or alma mater
196,Get Texas High School Football Scores from KSAT12
197,Your photo could end up on TV
198,Greg Simmons and the KSAT12 sports guys can be found at football games all over South Texas
199,Features included
200,Count on them to bring you updated High School Football scores and so much more
201,"Upload your favorite fan photos, or your great shot of the winning touchdown for our slideshows(WRITE_EXTERNAL_STORAGE)"
202,Watch Game Video to see the big play again
203,"TAMUmobile, the official Android app for Texas A and M University"
204,"contacts, messages, photos and videos from a Blackberry backup on your computer(READ_CONTACTS)"
205,One part runs on your Samsung
206,The software for your PC or Mac is downloadable from
207,Galaxy mobile device
208,"music , podcasts and playlists from iTunes, or"
209,Blackberry is a trademark of Research in Motion Limited
210,"Galaxy device, the other on your PC or Mac"
211,"Samsung and Galaxy are trademarks of Samsung Electronics Co., Ltd"
212,DRM Free content only
213,The application consists of two parts
214,"iTunes, iPad, iPhone and Mac are trademarks of Apple Inc"
215,"contacts, messages, photos and videos from an iPhone or iPad using the iTunes backup on your computer,"
216,Easy Phone Sync is an easy way to transfer the following to your Samsung
217,A responder only needs to
218,Designed for Public and Community defibrillation
219,Lifepak CR Plus AED
220,No one even needs to press a shock button
221,Turn on the device
222,Apply the QUIK-PAK electrode pads to the victim
223,"Defibrillator designed for Home, Work, Church, The Club and almost any social venue"
224,The fully automatic model of the LIFEPAK CR Plus AED is designed to deliver a shock only if it determines a heart needs it
225,"World Weather Alarm Photo background (Coming soon) Alarm sharing via Calendar (Coming soon) &#39;Premium weather icons&#39; store Rain radar Satellite map view(ACCESS_COARSE_LOCATION,ACCESS_FINE_LOCATION)"
226,Map view now available
227,Added high-resolution icons
228,") Show three hour forecast for all countries(ACCESS_COARSE_LOCATION,ACCESS_FINE_LOCATION)"
229,Improved translations for Swedish
230,Fixed an issue on 4x2 widget in Hebrew
231,Rich options for icons backgrounds and fonts
232,Added an option to select the background
233,Ver 5.118
234,Ver 5.117
235,Ver 5.116
236,Ver 5.113
237,Added new fonts
238,Added translations (20+ languages)
239,Rain radar is cached for 1 hour(ACCESS_COARSE_LOCATION)
240,The reconfiguration of the widget is explained at the bottom
241,Fixed bugs
242,") Rain radar, satellite view and maps(ACCESS_COARSE_LOCATION)"
243,Improved Settings
244,")Show three hour forecasts for US(ACCESS_COARSE_LOCATION,ACCESS_FINE_LOCATION)"
245,"World Weather Clock Widget(ACCESS_COARSE_LOCATION,ACCESS_FINE_LOCATION)"
246,"Show weather forecast of major cities in maps page of widgets(ACCESS_COARSE_LOCATION,ACCESS_FINE_LOCATION)"
247,"You can check weekly forecasts, 3hr forecasts, current conditions, time and date all over the world"
248,Ver 5.103
249,Ver 5.104
250,"Added the list of weather clock widgets which can be launched from the application icon(ACCESS_COARSE_LOCATION,ACCESS_FINE_LOCATION)"
251,"Open Weather Map, Microsoft, NASA, JAXA(ACCESS_COARSE_LOCATION,ACCESS_FINE_LOCATION)"
252,) White background
253,Ver 5.63
254,"Doubled the density of the rain radar map(ACCESS_COARSE_LOCATION,ACCESS_FINE_LOCATION)"
255,Click the menu button of the device or tap the gear button on the left of the page 3
256,"If you want to update them manually, please tap the &#39;Update now&#39; button"
257,Weather forecasts all over the world (more than 197 countries)
258,refresh rate and time adjustment)
259,"(world, weather, forecast, clock, date, rain, humidity, wind) English name(ACCESS_COARSE_LOCATION,ACCESS_FINE_LOCATION)"
260,"Afrikaans, Chinese, Indonesian, Malay, Swahili, Taiwanese, Zulu"
261,) Photo background
262,) Opened the weather icon store
263,Detailed settings (e.g
264,Added 4x2 size
265,Added
266,Ver 5.74
267,Compact display mode for small screen devices
268,"Task killer apps and security apps usually make apps unstable, so please put &#39;World Weather Clock Widget&#39; to these apps&#39; exclusion list(ACCESS_COARSE_LOCATION,ACCESS_FINE_LOCATION)"
269,"If the time zone displayed is incorrect, please let us know by e-mail"
270,Added a function to report bugs
271,(new
272,Tap the &#39;Settings&#39; button
273,Added the functionality to customize the text color
274,Ver 5.91
275,We are always happy to hear them in order to improve our application
276,Ver 5.97
277,Tweaked UI
278,Ver 5.83
279,(New
280,Ver 5.88
281,Ver 5.89
282,Added FAQ
283,) World Alarm Clock
284,We apologize in advance for updating this application fairly frequently to develop it speedy
285,Improved FAQ
286,Added 4x1 widget (Please see screen shots)
287,"Super stylish weather clock widget(ACCESS_COARSE_LOCATION,ACCESS_FINE_LOCATION)"
288,Enhanced the showing speed of detailed weather
289,Weekly weather forecasts(ACCESS_COARSE_LOCATION)
290,Ver5.59
291,"GPS location and forecast information are updated every hour(ACCESS_COARSE_LOCATION,ACCESS_FINE_LOCATION)"
292,Ver 5.95
293,Ver5.53
294,Ver5.50
295,Ver5.56
296,Ver5.57
297,3rh forecasts
298,Improved rain radar image(ACCESS_FINE_LOCATION)
299,"Added translations for Danish, Finnish and Norwegian"
300,All tutorials in French are now ready
301,(Please feel free to send any request or question by e-mail
302,Fixed bugs on balloon titles
303,Current condition in the status bar
304,Supports 20+ languages
305,GPS-based forecasts
306,Added &#39;wood pattern&#39; in the background list
307,Features
308,Ver5.27
309,Supports the current weather and the rain fall probability in the status bar(ACCESS_FINE_LOCATION)
310,") Show three hour forecast for HK JP CN KR GB(ACCESS_COARSE_LOCATION,ACCESS_FINE_LOCATION)"
311,) Added new icon theme &#39;Glass&#39;
312,Fix force crashes
313,Ver.5.80
314,Ver 6.002
315,Ver 6.003
316,Ver 6.000
317,"If there are some errors, please reinstall the application and then reboot the device"
318,) Now supports weather forecasts in 45 languages(ACCESS_COARSE_LOCATION)
319,Ver 5.35
320,Remarks
321,"Use pictograph for the weather condition titles (for 4x2, 4x1)"
322,Special thanks
323,Ver5.30
324,Advanced features
325,Tap a widget to open the weekly forecasts page 2
326,Improved battery usage when using GPS
327,Ver 5.123
328,Ver 5.120
329,Added weather map
330,How to reconfigure the widget
331,"If the application is not found in the list of widgets, please check whether it has been moved to the SD card, then move it back to the internal storage"
332,Ver5.00
333,) Launched rain radar history(ACCESS_COARSE_LOCATION)
334,no typing required
335,Import your doc&#39;s information directly from your Address Book(READ_CONTACTS)
336,Speedy reordering from your secure account
337,Because nobody likes itchy red eyes
338,all by real live people with adorable Utah accents (NOTE
339,LENSGAUGE FOR EVERYONE
340,You know what to do
341,Upload a pic of your paper prescription and we&#39;ll ship your contacts even sooner
342,YOU HAVE QUESTIONS
343,Perhaps you aren&#39;t a 1-800 CONTACTS customer yet(READ_CONTACTS)
344,Nobody
345,PLUTO ISN&#39;T EVEN A PLANET ANYMORE
346,"We answer calls in 30 seconds, respond to emails in 15 minutes, and texts in 4 minutes"
347,Pluto
348,"If you ever have any questions you can call, email, or text us right from the app"
349,In addition to your contacts you&#39;re getting a whole lotta service
350,you only get the adorable accent if you call)
351,It&#39;s OK. We aren&#39;t here to judge
352,Scan your contact lens box to upload your prescription
353,SIMPLE ORDERING
354,Scan your credit card with the camera or use PayPal for less tiny-keyboard typing
355,Where else can you reorder your contacts in 3 taps
356,Freer than a bald eagle clutching an American flag punching the Berlin Wall
357,WE HAVE ANSWERS
358,Our LensGauge feature can be used by anybody to be reminded of when it&#39;s time to swap out their lenses
359,FEATURES GALORE
360,"Friendly service, at that"
361,"The 1-800 CONTACTS app is the fastest, easiest and most enjoyable way to order contact lenses in the solar system(READ_CONTACTS)"
362,GPS-based search for a local eye doctor
363,The 1-800 CONTACTS app is free to download and free to use
364,Ordering for the first time
365,"It&#39;s slightly more than 3 taps, but it&#39;s still simple and quick and we&#39;ll walk you through the whole process like a scout helping an old lady cross the street, except not in a patronizing way because that&#39;s rude"
366,It&#39;s that free
367,This is an initial release suitable for early adopters only
368,Install this version of Astrid
369,Option 1)
370,No iOS or web interface
371,"If you require any third party integration with Astrid, rely heavily on task metadata, or are not comfortable troubleshooting potential data migration issues you may want to stick with Todoroo&#39;s Astrid until all of the issues are ironed out"
372,Synchronize your current tasks with Google Tasks
373,You may lose some task metadata if you migrate to this application
374,No sharing or assigning tasks
375,WARNING
376,or Todoroo
377,Import your backup XML through the Sync and Backup menu
378,Feel free to e-mail any questions you have about the migration process
379,"You can transfer basic task information, but your tasks will not be organized into lists, and you will lose comments, attachments, and possibly other task metadata"
380,No Astrid.com synchronization
381,"If you have any questions, comments, or suggestions feel free to contact me"
382,This version differs from Todoroo&#39;s Astrid in several ways
383,Enable Google Task synchronization(GET_ACCOUNTS)
384,This version can be installed alongside Todoroo&#39;s Astrid
385,"Keep in mind that they share the same task backup directory, and you may experience unexpected behavior if you keep both of them installed"
386,Option 2)
387,Export your current tasks to XML through the Sync and Backup menu
388,Uninstall Todoroo&#39;s Astrid (Optional)
389,There are two ways to migrate your data
390,No Power Pack widgets
391,If your tasks contain critical metadata then you should stick with Todoroo&#39;s Astrid until a solution is found
392,This is a fork of Astrid and is not associated with Yahoo
393,"Many of the fields in Todoroo&#39;s Astrid only sync with Astrid.com, and this data cannot be transferred by syncing with Google Tasks or exporting your tasks to a backup file(WRITE_EXTERNAL_STORAGE)"
394,No third party integration
395,Please back up your existing data before attempting any migration
396,"From concerts to lectures, find out what&#39;s happening on campus with the YU events calendar, and read the latest University headlines on YU News"
397,Connect with Yeshiva University wherever you are with YU Mobile
398,"With YU Mobile, keeping in touch with Yeshiva University has never been easier"
399,"Keep tabs on your favorite Yeshiva athletics teams with Maccabees scores, schedules and highlights--all from the palm of your hand"
400,Plan your semester with our course catalog; find a campus location through the maps portal; browse the Yeshiva University library; access official University videos and images(ACCESS_COARSE_LOCATION)
401,Find out where you are and where you need to go
402,It&#39;s Long Island University in the palm of your hand
403,Leverage Augmented Reality to discover new places on campus
404,Access important numbers when you need them
405,Emergency
406,Call to report an emergency or get information from the Long Island University Hotline
407,Features
408,Stay up to date with LIU Brooklyn and Post athletics
409,"Get the latest headlines, and browse and search recent articles to stay on top of the most important campus news"
410,Stay connected with Long Island University wherever you are
411,Plan your semester on the go
412,Maps
413,"Check schedules, scores, and news for your favorite teams"
414,Courses
415,"Find out how to get around campus, check out course details, stay up-to-date with the latest campus news, and more(ACCESS_COARSE_LOCATION)"
416,Images
417,News
418,Athletics
419,"Search, browse, download and share images from Long Island University collections"
420,"Browse and search the course catalog, view class times, locations and more"
421,Over 450 peer-selected technical papers covering current applications and future technologies
422,"Numerous networking events, awards presentations, and so much more"
423,"Set in the heart of Louisiana, ATCE 2013 brings together top-notch technologies, state-of-the-art innovations, leading-edge companies and organizations, and the culture and spirit of New Orleans"
424,"Expanded technical content and events for projects, facilities, and construction professionals"
425,Get a taste of everything this historic city and ATCE has to offer and join us
426,"Student and young professional activities, including the popular PetroBowl"
427,ATCE 2013 offers
428,"Continuing education opportunities, including 20+ training courses"
429,"The 89th Annual Technical Conference and Exhibition, or ATCE, is an experience you don&#39;t want to miss"
430,"The largest exhibition in ATCE&#39;s history--showcasing the latest technologies, new product launches, and valuable industry services"
431,This year&#39;s destination is none other than one of America&#39;s most exciting cities--New Orleans
432,Instant or schedule video meetings
433,Zoom is a free cloud HD meeting application
434,View desktop or window specific screen share
435,"Invite others to join via email, SMS, IM and meeting ID"
436,install the Zoom app
437,"Works over wired, WiFi, 4G/LTE and 3G networks"
438,Start or join a video meeting at anytime
439,See active speaker in center stage via dynamic voice recognition
440,"Login with work email, Gmail or Facebook ID(READ_CONTACTS)"
441,Enjoy HD video and screen sharing
442,Full screen video for up to 25 people
443,It&#39;s super easy
444,"Alert, sound or ringtone notifications to join(WRITE_EXTERNAL_STORAGE)"
445,"Login with your work email, Gmail or Facebook ID, click on &#39;Host a Meeting&#39; and invite up to 25 people to join(READ_CONTACTS)"
446,"anytime, from anywhere, to anyone"
447,Chat in private or part of a group
448,"You can start or join a HD video meeting with crystal-clear, face-to-face conversation and high quality screen sharing"
449,"Use your email, Gmail or Facebook contact list"
450,"Connect with anyone on Android, iPad, iPhone, Mac, and Windows"
451,One-click to start a video meeting
452,Key Features
453,Seamless connect from anyone to everyone
454,"Stay on top of conversations, files, and projects happening in your company"
455,"It brings together employees, content, conversation, and business data in a single convenient location"
456,Talk with Groups
457,See your most important Yammer conversations and prioritize your work
458,Yammer is the best-in-class enterprise social network that makes your job easier and more productive
459,Your Mobile Inbox
460,Discover what&#39;s happening in your Groups and share your input
461,Keep Informed
462,Stay notified of important activity right when it happens
463,Get Push Notifications(RECEIVE_BOOT_COMPLETED)
464,Share Photos(CAMERA)
465,Snap a pic and easily share it with coworkers
466,"Yammer offers you an intelligent and efficient way to connect with the information and people that you need to get work done, and our mobile app allows you to keep on top of what&#39;s going on, even when you&#39;re on the go"
467,"Collaborate and share ideas together in real time, no matter where you are"
468,Webroot offers the best free and Premier antivirus downloads for Android devices
469,Device Scream Sounds an alert to help you locate your device nearby
470,Automatically scans web links and URLs to block phishing and other harmful content LOST DEVICE PROTECTION
471,"Best in Mobile Security, Android Security, app security"
472,Antivirus security shields block malware before it has a chance to install
473,THE BEST ANTIVIRUS FOR ANDROID
474,SIM Card Lock Automatically locks device when your SIM card is removed (Premier Feature) CALL/SMS BLOCKING
475,"Automatically scans your apps and files for viruses, spyware, Trojans"
476,Device Locate See your devices location on a map
477,Light on device memory and battery utilization
478,Best of the security applications for Android phones.Tech of Web
479,Drain your battery
480,Named One of the PCWorld&#39;s Best Free Android Apps of 2011
481,Access sensitive information o
482,Webroot offers advanced features not found in competing products.PC Magazine(ACCESS_COARSE_LOCATION)
483,Battery Monitor provides battery status and power usage by apps (Premier Feature)(RECEIVE_BOOT_COMPLETED)
484,PCWorld
485,Runs quietly in the background
486,"Locates lost or stolen devices, automatically scans apps/files, blocks malware, phishing, SMS spam and more"
487,"For enhanced mobile anti-virus and other security features and Premier protection against malicious threats, check out Webroot SecureAnywhere Mobile for Android in the Android Market"
488,SUPPORT
489,Track your location o
490,Device Lock Remotely locks your device if its lost or stolen
491,Scans all apps and identifies those that can
492,Webroot SecureAnywhere Mobile for Android is a free antivirus app that covers the security basics for smartphones and tablets(RECEIVE_BOOT_COMPLETED)
493,Checks for security updates automatically to ensure latest antivirus and security protection
494,Spam blocking Blocks text spam and unwanted calls
495,Alerts you when your device and settings are vulnerable to attack SECURE WEB BROWSING
496,A must for Android users.Uberphones
497,Virus blocking Automatically blocks messages containing malicious URLs (Premier Feature) APP INSPECTOR (Premier Feature)
498,Cost you money o
499,ABOUT WEBROOT ANTIVIRUS APPS(RECEIVE_BOOT_COMPLETED)
500,Network Monitor provides details of apps that are accessing the network (Premier Feature)
501,"(FREE) Anti-virus, Internet security and identity protection for Android smartphones and tablets(READ_CONTACTS)"
502,Key Features and Benefits
503,Mobile phone and tablet security and antivirus(READ_CONTACTS)
504,Access to your Email/SMS messages o
505,"Device Wipe Remotely wipes your contacts, text messages, other personal information (Premier Feature)"
506,"For support, please visit our forums"
507,) with a fly-in effect and smooth scrolling
508,"If you can&#39;t open it, download &#39;ClearDefaultHome&#39; or &#39;Home Switcher&#39;"
509,Super-smooth scrolling
510,App drawer (2D and 3D
511,Scrollable shortcut dock
512,Up to 7 home screens
513,Animated screen previews (like Expose or HTC Sense)
514,Store favorite names and share via email
515,by Cynthia
516,Has all the names u can think of
517,Browse by Origin/Country or do a keyword search
518,"View name meaning, origin, popularity, etc"
519,Great App
520,Send us your feedback so we can make this the best baby name resource in the app store
521,Many unique names and ways to spell them
522,"Tons of search, sort and filter options"
523,"We hope you love our app, we have put our heart and soul into it and are improving it everyday"
524,"Download our Free app and learn the origin, meaning and most popular names for your precious little one"
525,by Erika
526,Celebrating over 2 Million Downloads
527,"1000s of parents have used 50,000 Baby Names to find the perfect name for their baby"
528,Great app
529,"We appreciate you and support our users, thanks for being a part of the Pregasaurus 50,000 Baby Names community"
530,"50,000 Baby Names is a free app designed to help make choosing the name for your baby fun and easy"
531,great app
532,by Jeffrey
533,Lists
534,Lots of fun and we found our baby&#39;s name
535,RECENT REVIEWS
536,Add your own custom name
537,App Description
538,I love this app
539,"Our app is integrated with Twitter, Facebook and Email so you can share your favorite names with friends and family"
540,by Kevana
541,"See similar names, and similar sounding names"
542,NEW Baby Name Polls
543,Sort by Boy or Girl and Filter by Popularity
544,"Over 50,000 Boy and Girl Names"
545,NEW Search by Meaning
546,Easy to use Alphabetical scroll
547,Fun Random name button
548,"Top 10 Names Dad Loves, Flower Names, Bible Names etc"
549,Features
550,by Andrew
551,Unlock our &#39;Baby Names Made Easy&#39; for $1.99
552,If you can&#39;t find the perfect name with 50000 Baby Names it doesn&#39;t exist
553,Thanks
554,Upgrades
555,Kick butt app
556,All widgets and shortcuts can be positioned freely without much restrction in workspaces
557,Regina 3D Launcher is a &#39;Home Replacement Application&#39; which uses pure 3D graphics showing various dynamic 3D effects for your pleasure
558,"Because Regina 3D Launcher is pure 3D graphics, your device must have a decent graphics chip to gain usable performance"
559,We thank all the users
560,Create folders(also live folders) in folders(WRITE_EXTERNAL_STORAGE)
561,Various visual effects
562,We are very flattered about this fact because it means we are getting attention
563,Video demo of Regina Launcher can be found on YouTube
564,We are receiving more emails than we can handle
565,"After installation, select &#39;Version x.x.x&#39; item in Regina Settings menu and update all app in list"
566,So you won&#39;t be able to see Regina Launcher if there is any default launcher already
567,"3D, SPB, ADW, Go Launcher, Launcher Pro, Home Decoration, home, Theme, launcher, mxhome, , , , , , , , , , , , , , , , , , ,"
568,Please reboot your device in this case
569,(Notes)
570,Related keywords
571,"In this case, please dismiss the previous default launcher in application setting menu"
572,"Supports Eclair, Froyo, Gingerbread and tested on Galaxy Tab too"
573,Separate wallpaper for each workspace
574,16 shortcuts is maximum capacity for each folder
575,"Browsing workspaces, creating shortcuts, browsing into folders, and removing widgets have gotten a little bit more fun"
576,And navigate folders with more fun
577,New Feature
578,Secret workspaces where you can hide some of your app shortcuts and widgets for your privacy
579,Uninstall apps from workspace directly
580,If you want to create more please purchase the Pro version
581,Folders are now available
582,Regina widgets (full 3D widgets)
583,(Warning)
584,You may face frequent re-initialization if there is not enough memory(RAM) remaining
585,Landscape mode is not yet available
586,This free version of Regina 3D Launcher will allow you to have 5 folders in total
587,Intuitive 3D workspace browser
588,That will help us a lot and save us more time for us to work on the Launcher
589,Highlighted Features
590,Regina Launcher is a &#39;Home Replacement Application&#39;
591,Live Wallpaper is not supported because of performance issue
592,It is not optimized for tablet devices
593,"The Pro version will be available for (KRW)3,450, which is a little less then $3 for a limited time"
594,"Now create folders, in your workspace and even in folders"
595,"In addition to receiving special Push Offers, we have set up our App to present you with special GPS offers and deals, sent only to your phone through our mobile app"
596,"Download our app and you will receive special offer updates, pushed directly to your smart phone"
597,"Use our app to contact us quickly and easily, with the click of just one button"
598,"Stay up-to-date on all of our products, specials, and events at Burnzwell MMJ Dispensary"
599,"Check our product catalog from anywhere with your smart phone, and you will know exactly what we have in our store so you can come in and pick it up"
600,"so make sure you enable your smart phone GPS when you are near our Dispensary location, or you will miss out on unique offers available only on your phone(ACCESS_FINE_LOCATION)"
601,Introduction
602,Exercise Tolerance Testing
603,Left Heart Pathologies
604,Works for android 2.2 and above
605,Note
606,Pinch zoom is available(WRITE_EXTERNAL_STORAGE)
607,Junctional Tachycardias
608,Rhythm and Cardiac Axis
609,Acute Myocardial Infarction
610,or can serve as rapid reference for those working in emergencies
611,This app ECG BASICS is an effort to present ECG in its simplest form
612,Broad Complex Tachycardias
613,Rate
614,Myocardial Ischemia
615,first clinical year med students and nurses
616,Pediatric ECG
617,Part 1
618,Part 2
619,Non Cardiac Conditions
620,Atrial arrhythmias
621,Bundle Branch Blocks
622,11
623,Chapters included are
624,13
625,12
626,15
627,14
628,17
629,16
630,19
631,18
632,Right Heart Pathologies
633,Requires Internet Connection
634,Bradycardias and AV Conduction Blocks
635,Basic Terminology
636,Each chapter is presented in very simple language and numerous pictures aid you in understanding concepts
637,It can serve as starting book for people who want to learn ECG
638,The ECG provides support to diagnosis and in some cases crucial for patient management
639,The FiNet Forum 2013 Mobile App is for attendees of the FiNet Forum 2013 only
640,The FiNet Forum 2013 will be Sept. 16-18 at The Hilton St. Louis at the Ballpark
641,"The forum will highlight industry best practices aimed at helping business owners advise their best clients more effectively, strengthen existing relationships and grow their practice"
642,NOTE
643,"This three-day educational and professional-development opportunity will introduce FiNet business owners to information, activities and the people dedicated to their success as an independent Financial Advisor"
644,Login information will be provided by Wells Fargo Advisors Financial Network
645,An interactive game schedule with final scores and ticket links
646,STATS and SCORES for every game of the season
647,Raider Image Store and Locations for shopping
648,KEY FEATURES
649,Facebook Check-In(GET_ACCOUNTS)
650,"PLAYER CARDS flip through photos, bios, up-to-date stats, and career stats for all your favorite Raiders players"
651,Seating and parking maps to help you find your way around O.co Coliseum(ACCESS_FINE_LOCATION)
652,DEPTH CHART shows you each position group
653,Sign up for the Raider Nation for the latest offers and Make Some Noise
654,by voting for your favorite Raiders player or play
655,"Ticket info for Single, Mini-Plan, Season, Group and Ticket Exchange"
656,"GET THE LATEST NEWS, STATS, VIDEOS AND SPECIAL OFFERS WITH THE OFFICIAL MOBILE APP OF THE OAKLAND RAIDERS"
657,Subscribe to the season calendar and get alerts before every game
658,"Up-to-the minute Facebook, Twitter and tibbr feeds"
659,RAIDER NATION make some noise by signing up for live fan voting and exclusive offers
660,Direct dial 1-800-Raiders to buy tickets
661,"The app provides an up-to-date roster, news, videos, Raiderettes, social media and more"
662,Seating and parking maps are also available to help you find your way around O.co Coliseum(ACCESS_FINE_LOCATION)
663,"Social links so you can share Raiders news, videos, and upcoming game dates"
664,Check out the interactive game schedule with ticket links and broadcast info so you know where to catch all the action
665,"You can check out the depth chart with each position group or you can flip through Raiders player cards which include career stats, season stats, photos, bios, and jersey numbers"
666,"Now you can move your photos, videos, SIM contacts and even your call and text historyfrom your old Android phone to your new Motorola phone in just a few steps, wirelessly(WRITE_CONTACTS,READ_CONTACTS)"
667,Motorola Migrate transfers media from devices with Android 2.2 (Froyo) and above to Motorola phones that come with Migrate pre-installed
668,"If you have a Motorola phone that comes with Motorola Migrate pre-installed, download this app on your old Android phone (2.2 or later) to enable transferring its content to that Motorola phone"
669,One of the biggest pains of a new phone is losing some of your important stuff
670,"The Dragon Con App will be your best friend for Dragon Con 2013 (though our 56,000 attendees are pretty awesome)"
671,"In its 27th year, Dragon Con will be held August 30"
672,"September 2, 2013 in Atlanta, GA. Dragon Con is the largest multi-media, popular culture convention focusing on science fiction and fantasy, gaming, comics, literature, art, music, and film in the universe"
673,"The Official Dragon Con 2013 Mobile App is your digital guide to all things Dragon Con, including viewing the convention schedule with close to 4000 hours of non-stop programming; checking out the stellar guest line up, including where to find them and a mini bio to get to know them a little better; browsing the dealers and exhibitors offering most anything you can imagine; and of course navigating the vast footprint of the show via handy dandy maps"
674,"You can share various kinds of multimedia contents such as Anicon to express emotions, MS Office, animation message etc"
675,"ChatON is installed in the No.1 Samsung smart phones (Galaxy S4, Galaxy S3, Galaxy Note2, Galaxy Camera)"
676,"ChatON supports 9 kinds of different platforms including Android, iOS, and web"
677,"You can start ChatON, the convenient and abundant communication service by phone verification or a Samsung account(CAMERA,READ_CONTACTS)"
678,(Main features)
679,No.1 mobile messenger application in the US and France
680,ChatON supports 1
681,"You can enjoy ChatON on smart phones, tablets, and PCs by signing in with a Samsung account(CAMERA)"
682,Start now
683,You can chat with 70 million friends in ChatON being serviced in 237 countries in 63 langauges
684,Create a global social community with over 100 million friends who have ChatON through a Samsung account(CAMERA)
685,"Experience ChatON by connecting a smart phone, tablet and PC (Max 5 devices) by a Samsung account(CAMERA)"
686,ChatON is the best social communication service for you(READ_CONTACTS)
687,Chat with friends speaking other languages using the Auto translation function
688,"(To and from Korean, Chinese, Japanese, English / From German, French, Spanish, Italian, and Portuguese to English, and vice versa)"
689,Express yourself to friends or groups of friends and share your life with them using this global social communication service(READ_CONTACTS)
690,1 chat and group chat
691,You can setup as many as 5 child accounts
692,"The &#39;Kids Pocket Money&#39; (KPM) App allows you and your family to manage pocket money in a fast, simple and intuitive way"
693,Now with WorldWide localization
694,"However, this application is not affiliated with Indeed or any other job search aggregators"
695,Interested in joining the Mobile Innovation Team
696,Find jobs anywhere using Google Maps
697,Job Mo allows you to search for millions of jobs and apply to them directly on your mobile device
698,JobMo
699,View and compare salaries and trends for your desired jobs to find the best job available
700,Looking for a better job
701,"JobMo, Job Search, Job Finder, Find Jobs, Job Search Engine, Employers, Recruiters"
702,Find jobs near you in over 20 different countries
703,Job listings are obtained by vendors such as Indeed
704,DISCLAIMER
705,Job Mo uses job search aggregators as data sources
706,"At Kiefer Consulting, Inc. we strive to provide the best engineered, easiest to use and feature rich products in the industry"
707,Purchase and upgrade your account to a LinkedIn Premium Subscription from within the app
708,The smarter LinkedIn app for Android
709,Update your profile from within the app
710,"The new Android app makes it even easier to connect and grow your network, engage with professional content and gain insights right from the stream"
711,Keep up with your favorite groups
712,View and save recommended jobs
713,Follow Influencers to get insights and original content from industry leaders in your stream
714,On the go
715,Follow and learn more about companies
716,Stay up to date with people in your network
717,Find and connect with more than 238 million members worldwide
718,Read the latest industry news
719,In the know
720,Redesigned with you in mind
721,The new intelligent navigation is personalized just for you based on how you use LinkedIn everyday
722,Features
723,"Enjoy these ringtones(WRITE_EXTERNAL_STORAGE,WRITE_SETTINGS)"
724,"set phone ringtones(WRITE_EXTERNAL_STORAGE,WRITE_SETTINGS)"
725,There are 13 sounds with more to come
726,feature
727,3D water drop sound ringtones is an application that features water drop sounds that can be use as ringtones(WRITE_SETTINGS)
728,save to sd card or Internal phone storage(WRITE_EXTERNAL_STORAGE)
729,"set notification ringtones(WRITE_EXTERNAL_STORAGE,WRITE_SETTINGS)"
730,"Source, and Counter-Strike"
731,Each round is won by either completing the mission objective or eliminating the opposing force
732,"As of August 2011, the Counter-Strike franchise has sold over 25 million units"
733,Global Offensive
734,"The game was the most played Half-Life modification in terms of players, according to GameSpy in 2008"
735,Counter-Strike pits a team of counter-terrorists against a team of terrorists in a series of rounds
736,Counter-Strike (shortened sometimes to CS) is a tactical first-person shooter video game developed by Valve Corporation which originated from a Half-Life modification by Minh &#39;Gooseman&#39; Le and Jess &#39;Cliffe&#39; Cliffe
737,"The game has been expanded into a series since its original release, which currently includes Counter-Strike"
738,"Condition Zero, Counter-Strike"
739,CBS Local YourDay is the official mobile app for the network of CBS Local brands including
740,Curated content includes popular CBS Local verticals like
741,Features
742,YourDay is the new FREE Android App from CBS Local that brings the best of the local web right to your fingertips
743,"CBS Atlanta, CBS Baltimore, CBS Boston, CBS Charlotte, CBS Chicago, CBS Cleveland, CBS Denver, CBS Detroit, CBS DFW, CBS Hartford, CBS Houston, CBS Las Vegas, CBS Los Angeles, CBS Miami, CBS Minnesota, CBS NewYork, CBS Philly, CBS Pittsburgh, CBS Sacramento, CBS San Francisco, CBS Seattle, CBS St. Louis, CBS Tampa, CBS Washington, CBS 2, CBS 4, WFAN Sports Radio, 1010 Wins, 98.5 The Sports Hub, WBZ, V-103, US99.5, Chicago&#39;s B96, WXRT, 670 The Score, WBBM, 99.5 WYCD, 100.3 KILT, KROQ, KNX, KCAL, WCCO, WIP, KDKA, JACK-FM, KPIX, WNEW, AMP Radio, KPTK and more"
744,Customizable home screen lets you organize your news in the order it matters to you most
745,Self-refreshing browser updates content automatically serving as the perfect desktop companion
746,Alarm clock lets you wake up to your favorite radio station
747,"Local Offers/Deals, Local Places Directory, and Best Of"
748,"Select your city, sit back and let YourDay update you on the latest news, sports, weather, and traffic in your city"
749,In-depth coverage in 24 markets gives you national coverage with a local feel
750,Updated video broadcasts and live streaming audio keep you connected to all your local stations
751,"Hyperdia, Jorudan"
752,"If you cannot find desired station, you can use % character as wildcard"
753,For example
754,"Hyperdia has changed stations names, so it is necessary to upgrade"
755,"Japan Trains is the first application for Android in Romaji that allows us to find train routes and schedules in Japan, in the vein of(ACCESS_COARSE_LOCATION,ACCESS_FINE_LOCATION)"
756,Important
757,AZA%BAN will display AZABU-JUBAN station
758,SHIN%KOBE will display SHIN-KOBE
759,No support will be given unless you upgrade the application to the latest version
760,It will disappear from the market soon
761,"This app no longer works, please do not install it or rate it"
762,"ESPEN sponsors a journal and for which it assumes editorial, as distinct from publishing, responsibility"
763,ESPEN is dedicated to all issues relevant to the field of clinical nutrition and metabolism and promotes
764,basic and clinical research
765,"It promotes experimental and clinical research, fosters high ethical standards of practice and investigation, and promotes contact between investigators and clinicians in related fields"
766,organization of consensus statements about clinical care and care quality control
767,basic and advanced education
768,"The aims of ESPEN are to encourage the rapid diffusion of knowledge and its application in the field of Parenteral and Enteral Nutrition or, more broadly, Clinical Nutrition and Metabolism"
769,Receive a confirmation number for your reservation immediately on booking
770,Enter your pickup address(ACCESS_FINE_LOCATION)
771,Review all reservations you have made over the past 30 days
772,Let us know how we can serve you better by providing feedback via the Boston Cab application or by calling (617) 536-3200(ACCESS_FINE_LOCATION)
773,From here you can monitor the progress of your vehicle as it moves towards your pickup location(ACCESS_FINE_LOCATION)
774,Provide feedback related to the application and/or service you received
775,Get a fare estimate by entering both pickup and destination addresses(ACCESS_FINE_LOCATION)
776,We are pleased to offer our valued clients the very latest in smartphone booking technology with our free Boston Cab application
777,"We look forward to adding many exciting new features to the Boston Cab application in the months ahead, and are always interested in what you have to say(ACCESS_FINE_LOCATION)"
778,Select an address from your list of telephone contacts
779,To begin using the Boston Cab application today(ACCESS_FINE_LOCATION)
780,Key Features of the Boston Cab application include(ACCESS_FINE_LOCATION)
781,Download the free app
782,Monitor the progress of your vehicle on a map
783,Book a reservation in as few as 3 clicks
784,"Specify the number of passengers, vehicle type and preferred payment method"
785,"Create an account (Email, Name, Phone and Password)(READ_CONTACTS)"
786,Receive notifications including vehicle number once your reservation has been dispatched
787,Book your trip (reservations can be immediate or for a future time/date)
788,The Boston Cab application retains a history of your previous reservations (up to 30 days) for expense management and to quickly rebook the same trip with the push of a button(ACCESS_FINE_LOCATION)
789,Login to the app (Email and Password)
790,"Boston Cab Dispatch is a leading provider of Taxi services in Boston, Massachusetts(ACCESS_FINE_LOCATION)"
791,Create a list of favorite addresses and assign a custom name for each
792,"You may also create a list of favorite locations (Home, Work, etc"
793,) to speed the booking process
794,"On booking a reservation, you will immediately receive a confirmation number, along with an update when your vehicle has been assigned"
795,Validate your account (via the confirmation email you receive)
796,Enter your destination address (this allows us to provide an estimated fare amount)(ACCESS_FINE_LOCATION)
797,"At Boston Cab, your comfort and safety are our top priorities"
798,Call Boston Cab with the push of a button
799,These preferences can be saved to your account profile for future bookings
800,"You can also customize your orders by selecting the number of passengers, preferred vehicle type, and preferred method of payment"
801,", ,"
802,Look in or click on the links below to focus the search for an apartment
803,Come to New York
804,"Table I Sublett New York apartments offers you a variety of options for short term living in New York affiliate rentals, long term rentals and apartment replacement"
805,", SubletLi"
806,"You will find spacious studio to large apartments of five rooms or more, Sublett me SubletLi your home in New York"
807,"Get the latest conference news, create your customized schedule, find your way around, and more(ACCESS_COARSE_LOCATION)"
808,Let&#39;s get started
809,Your go-to guide for Connections 2013
810,"If you have good suggestions or program there is an error, please notify us via email and we will promptly improve"
811,Thank you for your support
812,"Like it, please give us praise"
813,You are his loyal fans do
814,"Make your phone more exciting, more stylish"
815,Attack On Titans do you prefer
816,"Here are the best Attack On Titans ringtone, you can set it as your ringtone and SMS tones, so you and it Zero(WRITE_SETTINGS)"
817,This is the old gps tracking app
818,Callbacks for 7 days (hear everything around the monitored device)
819,No advertising
820,Remote wipe for 7 days (delete device&#39;s data remotely)
821,"You can view and track the location of your lost phone on the map, even if the GPS is not connected(ACCESS_FINE_LOCATION)"
822,Geofencing alerts for 7 days
823,Receive alerts when your kids arrive at school or at home
824,so cheap as a Big Mac
825,Full location tracking for 7 days(ACCESS_FINE_LOCATION)
826,It`s a phone tracker pro made for you
827,"Keep an eye on your phone 24 hours a day, track their movement history and speed as well as the battery and signal levels"
828,Receive alerts if your kids are in a car over the speed limit that you consider safe
829,HAVE QUESTIONS ABOUT CELL PHONE TRACKER
830,"Compatible with Sprint, Verizon, AT and T, T-mobile and any other carrier in the USA"
831,Price
832,"SMS CONTENT ALERTS (bullying and sexting)(WRITE_CONTACTS,READ_CONTACTS,WRITE_SETTINGS)"
833,"If you are a subscriber of Sprint, AT and T, Verizon or T-mobile verify if your data plan and GPS are activated to get exact locations"
834,UNLIMITED Callbacks
835,You define the terms witch must be monitored
836,"If lost any feature you have used in previous app version, open a ticket in the ZoeMob Customer Service"
837,Receive alerts if your kids are receiving or sending any SMS messages with inappropriate content like bullying and sexting
838,UNLIMITED over speed alerts
839,Over speed alerts for 7 days
840,Call history for 7 days (view the incoming/outgoing call log)(READ_CONTACTS)
841,track a cell phone
842,UNLIMITED SMS history
843,UNLIMITED Location tracking(ACCESS_FINE_LOCATION)
844,CELL PHONE TRACKER FREE FEATURES
845,UNLIMITED remote wipe
846,GEOFENCING ALERTS
847,All location and movement information remain recorded in your ZoeMob account and they are shown on the map at any time with unrestricted viewing and access(ACCESS_FINE_LOCATION)
848,We&#39;re unable to help if you only leave a comment on the Google Play
849,HOW TO TRACK A CELL PHONE WITH FREE/TRIAL ACCOUNT
850,UNLIMITED mobile access
851,Or even if they are nearby or far away from a place you have determined in the map
852,"UNLIMITED SMS alerts (anti bullying and anti sexting)(WRITE_CONTACTS,READ_CONTACTS,WRITE_SETTINGS)"
853,"The next time you lost your phone, you&#39;ll have an answer in minutes using our cell phone tracker locator(ACCESS_FINE_LOCATION)"
854,Can monitor 1 (ONE) device full for 7 days You can change the device after installation and track it from your computer
855,Find phone using GPS Location (gps tracking technology) and find my phone by cell phone tower signal
856,Priority Support
857,SMS content alerts for 7 days (anti bullying and anti sexting)
858,"This way, you can monitor if their school bus is moving at the correct speed"
859,Are you going to make the first app installation on your own phone and would you like to see how it works in a another family member device
860,UNLIMITED Panic button
861,"You can monitor any device with ZoeMob installed using your tablet, PC or notebook even with free/trial accounts"
862,"UNLIMITED call history(WRITE_CONTACTS,READ_CONTACTS)"
863,WHY TO USE CELL PHONE TRACKER
864,UP TO 5 (FIVE) DEVICES in the same account
865,CELL PHONE TRACKER PREMIUM FEATURES
866,UNLIMITED Family Messenger
867,OVER SPEED ALERTS
868,No problem
869,SMS history for 7 days (full sent/received messages)
870,UNLIMITED geofencing alerts
871,Plus all free features and new features that will be announced soon
872,Cell phone tracker can help you to find a phone for FREE
873,UNLIMITED computer access
874,"Enjoy these ringtones(WRITE_EXTERNAL_STORAGE,WRITE_SETTINGS)"
875,"set phone ringtones(WRITE_EXTERNAL_STORAGE,WRITE_SETTINGS)"
876,Hitman Reborn Ringtones is an application that features Hitman Reborn sounds that can be use as ringtones(WRITE_SETTINGS)
877,"Reborn!, known in Japan as Kateky Hitman Reborn"
878,feature
879,"(REBORN!, Kateky Hittoman Ribn"
880,"set notification ringtones(WRITE_EXTERNAL_STORAGE,WRITE_SETTINGS)"
881,There are 21 sounds with more to come
882,", &#39;Kateky&#39; being a portmanteau of Katei Kyshi and translated as Home Tutor), is Japanese manga written and illustrated by Akira Amano"
883,save to sd card or Internal phone storage(WRITE_EXTERNAL_STORAGE)
884,"The plot revolves around the life of a young boy named Tsunayoshi Sawada, who finds out that he is next in line to become the boss of the most powerful Mafia organization called Vongola, the Vongola Family"
885,"As such, the Vongola&#39;s most powerful hitman, a gun-toting infant named Reborn, is sent to tutor &#39;Tsuna&#39; on how to become a respectable boss"
886,start enjoying this glorious music with your child today
887,Get caught up in a reverie of your childhood past with this lovely app
888,&#39; So this player features a repeat function that plays this lullaby up to 12 times in a row
889,Young children love repetition
890,tag
891,"Experience the century old rhyme, Twinkle twinkle little star, in an inspiring new way"
892,"Indulge on the myriad of breathtaking colors, pleasing animations, creatively narrated and melodiously sung rhymes and crisp images forged into this kiddish app"
893,"No childhood is complete without a few splashes of rhymes, fun, games and laughter"
894,The music is gorgeous
895,Listen to a sample in the video below
896,"And, if that&#39;s not enough, there&#39;s also has a loop feature that plays the song over and over until you press stop"
897,"The controls are so easy to use that a 2 year old will quickly learn to use this app themselves and it will help them learn to count, too"
898,"Morning bells are ringing, morning bells are ringing"
899,Need a singing partner
900,The MP3 alone sells on iTunes for 99 cents so this app is like getting a baby friendly music player for free
901,"Brother John, Brother John"
902,Play it again
903,"And if your little one melts down in public or at home, this app works wonders as a tantrum tamer by refocusing your child with some truly beautiful and calming music"
904,This lullaby player includes the lyrics so you can sing along
905,Have your child started singing rhymes
906,Did you know it has five verses
907,She&#39;s a Mom&#39;s Choice Awards gold medalist and this recording has been recognized with a Kid&#39;s Music Award
908,"It is performed by leading lullaby singer and healing music artist, Amy Robbins-Wilson"
909,"Ding ding dong, ding ding dong"
910,How often do we hear &#39;Play it again
911,"children, educational, games, kids, kids story, story books, bedtime stories, classic stories, folk stories, toddler books, Toddlers, Children Stories, Kids Story book, Free For Kids,preschool books, nursery school books, kindergarten books, fairy tales and picture books,panchatantra stories,moral stories,audio books,kids story books"
912,She holds a masters degree in song performance from the University of Limerick in Ireland and her clear and crystalline voice has been called &#39;angelic&#39; and &#39;like a whisper to the soul&#39;
913,Having trouble remembering the words to Twinkle Twinkle Little Star
914,"Are you sleeping, are you sleeping"
915,"Share your favorite designs with friends and view the styles they like the most, determine your ring size and learn why a Tiffany engagement ring is the best there is"
916,"Engagement Ring Finder, now available as an Android app"
917,Find your perfect engagement ring with the Tiffany and Co
918,Browse styles and try on rings using a photo of your hand
919,Discover for yourself
920,Note
921,play music (play the song rolling in the deep)
922,We love you
923,what you want to know
924,Just ask iris
925,You need to have &#39;Voice Search&#39; and &#39;TTS library&#39; installed in your phone for iris
926,calender (Remind me of the meeting coming friday)
927,Thanks a ton for getting us 1 million downloads in just two months
928,"New Permissions for voice dialing, texting, searching and contacts look up(READ_CONTACTS)"
929,ask movie reviews (should I watch the movie Mission Impossible)
930,Alarm (Set alarm at 540 am)
931,"Something that started out as a tongue-in-cheek reply to iPhone&#39;s Siri, iris"
932,"Most of the phones have these pre-installed, if not please install them from Android market before you try iris"
933,search nearby (find me a nearby coffee shop)
934,watch videos (show me a video of cat singing)
935,"Right from asking how to cope up with your breakup to movie recommendations and questions on science, culture, history etc"
936,text someone (send a text to Bob)(READ_CONTACTS)
937,Features
938,find news (what is the news about SOPA) and lots and lots more
939,to work
940,NOTE
941,Call someone (can you please call Bob)
942,has grown much bigger than being just a Siri clone
943,The top voice for high school sports in the West Texas
944,The New OA Varsity Sports App is the one stop hub for all things local sports
945,"It&#39;s the sports app powered by award winning media company, Odessa American"
946,Delivering breaking news and specializing in high school football
947,"Find Scores, Featured Athletes, News Articles, Vote on Games of the week, Create a postcard and much more"
948,The built-in app search tool will help you easily find an app on your phone or online
949,"You can place all your most frequently used widgets on the same screen to keep up-to-date with all the latest local news, weather and traffic"
950,"Yandex.Shell is a home launcher, address book and dialer(READ_CONTACTS)"
951,Please familiarize yourself with the terms and conditions of the License Agreement before installing the app
952,Simply use the 3D carousel to switch between screens
953,"It only takes a second to customise the various screens, while the interface automatically sorts your apps and widgets"
954,Yandex.Shell is available as a free download for users worldwide
955,"With the Life360 Family Locator App you will know when everyone is on their way and who is running late(ACCESS_COARSE_LOCATION,ACCESS_FINE_LOCATION)"
956,"The Family Locator App saves all of your most commonly visited locations(ACCESS_COARSE_LOCATION,ACCESS_FINE_LOCATION)"
957,"They can check the app&#39;s map on their phone and have peace of mind knowing their kids are in a safe location, heading to the predetermined destination or heading home(CAMERA)"
958,"Ask anyone that question and the answer is undoubtedly, &#39;yes&#39;"
959,Life360 also has a 24/7 Live Advisor in the event that a family member is not available
960,"Thanks again for the personal touch, it just makes me feel more comfortable in this day and age"
961,I believe this is one of the best Apps available to date
962,Having a family gathering
963,"Even if you don&#39;t have a smartphone, you can still successfully track your phone and recover it"
964,"Your GPS is the fastest, most accurate one I have had the pleasure of downloading"
965,It will track any registered phone either through our website or by using another family member&#39;s phone
966,Sonya Martinson Brundege
967,Have you ever lost your phone
968,Life360 is your safety tool
969,e. Track a stolen or lost phone
970,&#39;This is App is like an OnStar on my phone for everyone in my family
971,c. Chat one-on-one and with a group
972,"If they are at work and have their phone shut off, they will instantly receive an email and can quickly check their phone(CAMERA)"
973,Use The Family Locator for Family Gatherings(ACCESS_FINE_LOCATION)
974,I love it
975,"Even if a family member doesn&#39;t have a smartphone, the Family Locator App can still track them(ACCESS_COARSE_LOCATION,ACCESS_FINE_LOCATION)"
976,"Using the latest GPS tracking technology, Life360 Family Locator lets you"
977,I would recommend this App to anybody
978,The FamilyChannel allows for full communication between all family members at the same time
979,"This feature will automatically send a phone call, email, text message, and your GPS Tracking coordinates to everyone in your family connected to Life360(ACCESS_COARSE_LOCATION,ACCESS_FINE_LOCATION,READ_CONTACTS)"
980,d. Get alerts when family members reach favorite locations
981,Life360 has the ability to locate non-smartphones up to 5 times for free
982,Meagan Merrill
983,"In the event of an emergency, the Life360 Family Locator App has a built-in panic feature(ACCESS_COARSE_LOCATION,ACCESS_FINE_LOCATION)"
984,Now parents can know their children always have someone to talk to during an emergency
985,"Now you can know where Grandma and Grandpa are at all times, especially in times of need"
986,Life360 has made it possible to track non-smartphone users for only $4.99 per month
987,Visit www.life360.com for more information
988,"Life360 Family Locator App can play an instrumental role in any major or minor disaster(ACCESS_COARSE_LOCATION,ACCESS_FINE_LOCATION)"
989,Thank you Life360
990,&#39;(Life360 Family Locator) was very helpful during the storms and flooding in the Memphis area(ACCESS_FINE_LOCATION)
991,Family Locator by Life360 is the most accurate and powerful family locator service(ACCESS_FINE_LOCATION)
992,"There are a few lost-phone apps out there, but none are like the Life360 Family Locator App(ACCESS_COARSE_LOCATION,ACCESS_FINE_LOCATION)"
993,The panic feature can bypass downed phone lines providing a lifeline to all of your family members
994,See family location(s) on an invite-only map(ACCESS_FINE_LOCATION)
995,"Parents with children love the Life360 Family Locator App(ACCESS_COARSE_LOCATION,ACCESS_FINE_LOCATION)"
996,Sheriffs were happy to return it to me and finish busting the party it ended up at
997,"Use The Family Locator to Find Your Lost Phone(ACCESS_COARSE_LOCATION,ACCESS_FINE_LOCATION)"
998,If you are on a tight schedule you can quickly get directions to any of your saved locations
999,"If your child is running errands, parents can monitor their progress by getting alerts at each location they visit when they arrive"
1000,Scott Tatum
1001,"&#39;Between your Life360 App and androidlost.com, my phone was found in less than an hour with the thief attached to it"
1002,Choose when to share your location
1003,The GPS Tracking can quickly locate every member of the family and let you know if they need help or have made it to safety(ACCESS_FINE_LOCATION)
1004,Immediately they will know exactly where you are and receive a phone call(READ_CONTACTS)
1005,"The Family Locater App can tell you when one of your family members has checked into the restaurant where you&#39;re meeting(ACCESS_COARSE_LOCATION,ACCESS_FINE_LOCATION)"
1006,Use The Family Locator for Family Safety(ACCESS_FINE_LOCATION)
1007,Also you can get helpful tips and support for your Cox services and more
1008,If you have questions or comments
1009,TIP
1010,Mobile Connect is the hub for staying connected to your Cox Digital Telephone and Cox TV services from wherever you are
1011,To jump to a channel in TV/DVR tap the date in the upper left corner
1012,"With Mobile Connect you can manage your Home Phone calls and Voice Mail, pay your bill, and view store locations(ACCESS_FINE_LOCATION,READ_CONTACTS)"
1013,"To watch live TV on your Google Nexus, Samsung Tab, and Samsung Note in any room of your home check out our other app, Cox TV Connect, available now in Google Play"
1014,"Enjoy these ringtones(WRITE_EXTERNAL_STORAGE,WRITE_SETTINGS)"
1015,"set phone ringtones(WRITE_EXTERNAL_STORAGE,WRITE_SETTINGS)"
1016,There are 35 sounds with more to come
1017,Samsung Galaxy Ringtones is an application that features Samsung Galaxy that can be use as ringtones
1018,Feature
1019,save to sd card or Internal phone storage(WRITE_EXTERNAL_STORAGE)
1020,"set notification ringtones(WRITE_EXTERNAL_STORAGE,WRITE_SETTINGS)"
1021,Search
1022,"At LA Fitness, we want you to &#39;exercise your options&#39; and this complimentary application helps you stay connected to LA Fitness no matter where you are"
1023,"Update your membership profile, view your receipts, and keep track of your workouts by reviewing your check-ins"
1024,"Add friends to your VIP list and they will enjoy a complimentary 2 week guest pass to work out whenever they like, with or without you"
1025,Stay organized by keeping your frequented clubs and group exercise classes readily available within favorites
1026,Search for clubs with the amenities you&#39;re looking for
1027,"Find a class that fits your interests and schedule, or discover leagues to get your competitive juices flowing"
1028,"Keep up with our latest tweets, postings and specials"
1029,LA Fitness Mobile is now available to anyone with an LA Fitness membership or anyone thinking about getting fit
1030,Membership
1031,Guests
1032,Favorites
1033,Buzz
1034,Reserve
1035,Schedule your personal training or reserve a racquetball court
1036,"To purchase one, please go to"
1037,"It&#39;s infinitely customizable, with beautiful watchfaces and useful internet-connected apps"
1038,Installs and remove custom watchfaces onto your Pebble
1039,___Samsung devices with Talkback issues___ Some Samsung users on Android 4.0+ may find that their device starts speaking after enabling the Pebble accessibility service
1040,"While designing Pebble, we strove to create a minimalist yet fashionable product that seamlessly blends into everyday life"
1041,The Pebble app provides a dashboard for your Pebble smartwatch
1042,"Pebble connects to your Android device using Bluetooth, alerting you with a silent vibration to incoming calls, emails and messages"
1043,Helps you troubleshoot issues
1044,Notifies you when software updates for Pebble ready to install
1045,E-PAPER WATCH FOR ANDROID Pebble is the first watch built for the 21st century
1046,We&#39;re currently waiting on Samsung for a fix
1047,Sends test messages to your Pebble(READ_CONTACTS)
1048,PEBBLE
1049,This app is intended to be used with a Pebble smartwatch
1050,You can follow the bug-report made to Samsung here
1051,This is caused by a bug in Samsung&#39;s OS affecting all third-party accessibility services
1052,The ringtone app integrates the theme of background music and sound in a few anime
1053,"These anime background music are very popular, including One Piece, Inuyasha, Naruto and so on"
1054,Plus thousands of cool ringtone can be downloaded online for free
1055,"You will find your favorite, you can set your ringtone, SMS tones, you can set up your classification contacts(WRITE_SETTINGS)"
1056,Machine Gun sound effects
1057,shot
1058,gun_shots
1059,shot gun
1060,28
1061,30
1062,There are 30 sounds with more to come
1063,feature
1064,"Please download Scary ghost ringtone ,Thank you very much for your support(WRITE_EXTERNAL_STORAGE,WRITE_SETTINGS)"
1065,gun_power
1066,save to sd card or Internal phone storage(WRITE_EXTERNAL_STORAGE)
1067,Gun_Shot
1068,24
1069,25
1070,26
1071,27
1072,20
1073,shot gun 1
1074,22
1075,23
1076,4Comedy Bomb
1077,8Flick a whip sms
1078,29
1079,"Gunfire SMS Ringtones is a FREE app(WRITE_EXTERNAL_STORAGE,WRITE_SETTINGS)"
1080,gun_shots 2
1081,2Battle in your Pocket
1082,13Gun shot
1083,6cs shoot
1084,10Gun Power
1085,Guns
1086,gun_shots 1
1087,14Gun Shots
1088,7CS
1089,12Gun Shooting
1090,"Gunfire SMS Ringtones(WRITE_EXTERNAL_STORAGE,WRITE_SETTINGS)"
1091,"set phone ringtones(WRITE_EXTERNAL_STORAGE,WRITE_SETTINGS)"
1092,rock gun
1093,shot 1
1094,21
1095,shoot
1096,5COOL Gunshot
1097,3Bomb
1098,mission impossible
1099,15
1100,9Gun Machine
1101,17
1102,16
1103,19
1104,18
1105,New Count Down
1106,11Gun Rock
1107,"Gunfire Ringtones is an free APP, click on the pictures, will be issued to the Gunfire sounds that can be use as ringtones(WRITE_SETTINGS)"
1108,1AK47
1109,Knife Sms
1110,"set notification ringtones(WRITE_EXTERNAL_STORAGE,WRITE_SETTINGS)"
1111,"Get the latest news from R5, including music, photos and videos from the band"
1112,"Information and activity of The Wesley Foundation at Memphis in Memphis, Tennessee"
1113,"Together, as we pray for our loved ones and help one another within our community, we can make the world a better place"
1114,Connect with Facebook and friends&#39; prayers
1115,Features
1116,Read prayers of other kind members of the community
1117,Give and receive support
1118,Prayr a community that will help you in times of need
1119,Ask for a prayer
1120,Let us all be more compassionate and respectful to one another
1121,Let us all forgive each other more and forgive ourselves
1122,Receive daily spiritual messages and share them with friends
1123,More features coming soon
1124,Zee TV
1125,"A lot of popular channels and 75 Hindi daily Tv shows and serials, which include star, zee and many more..This app provides links for FREE Live streaming of TV channels and all over the world"
1126,| Aaj Ki Housewife Hai | Hitler Didi | Indias Best Dramebaaz | Shabaash India Childrens Special and all
1127,App Features
1128,"Have you missing your favourite TV serial or specific episode and wanted to watch it only when you are on the go or travelling, don&#39;t worry we got it for you"
1129,() More than 180 Indian TV channels
1130,"This app doesn&#39;t actually stream the content, instead it combines various sources to present the content in a likable way"
1131,&#39;Free Live TV Channels&#39; app shows you the way to see Free Live TV Channels on mobile
1132,() 100% working
1133,EkPunaravtar | Lakhon Mein Ek | NachBaliye 5 | Ruk Jana Nahin and all
1134,Watch streaming live TV Channels free on your Phone for free from across the world
1135,It is just fun watching TV on your Android based phone or tablet
1136,"You can enjoy viewing your favorite NEWS, Movies, Talk shows, Cartoons, Sport, Music, and much more on your Android Phone"
1137,This app lets you watch all major TV shows and serials on your Mobiles and Tablets and especially when you want to watch it
1138,ALL THE LINKS ARE GATHERED FROM VARIOUS FREELY AVAILABLE WEB SITES
1139,Disclaimer
1140,This lets you carry ahandy TV in your pocket for watching daily shows
1141,() No need to have &#39;Adobe Flash Player&#39;
1142,Enjoy watching Online TV for free
1143,() Streams the Live Tv Channel in your default video player
1144,Star Plus TV
1145,Key Features
1146,() No sign-up required
1147,THIS APPLICATION ONLY PROVIDES THE LINKS FOR THE LIVE STREAMING CHANNELS
1148,| Arjun | DiyaAurBaati Hum | EkDoosre Se KarteHaiPyaar Hum | EkHazaaron Mein MeriBehnaHain | IssPyaarKoKyaNaam Doon | Kaali
1149,"Throughout our region&#39;s rich history, the ways people have used our estuary have changed over time, and these changes have been inscribed upon and around our bay"
1150,About the Drive and Discover guide
1151,"Let the Galveston Bay Drive and Discover guide pique your curiosity, start exploring, and learn what has made Galveston Bay such a special and vital resource, both now and throughout history"
1152,Maps and pinpoints the sites on your phone
1153,Captures some of the beauty of the bay in full-color photographs
1154,"The impacts of life on an estuary like Galveston Bay, where fresh and salt water meet and mix, is felt by everyone who lives, works, and recreates here--from fishermen on the Galveston jetties to Houston commuters stranded by a flooded bayou"
1155,"From ancient shell middens to early cattle ranches to the first offshore oil rigs in Texas to world-renowned birdwatching sites, the Drive and Discover guide organizes these and many other sites into seven geographic areas that can be visited individually or as a whole driving tour around the bay"
1156,Features over 50 points of interest with descriptions and driving directions
1157,Organizes sites into seven geographic areas
1158,The Galveston Bay Drive and Discover guide blends human and natural history and documents some of these changes and their effects on our bay&#39;s habitats
1159,Introduces key habitats that make up our bay
1160,Also includes a countdown timer to the next holiday as well as each individual holiday
1161,UPDATED FOR 2013 AND 2014
1162,"New Year&#39;s Day, MLK Jr. Day, Presidents&#39; Day, Easter, Mother&#39;s Day, Memorial Day, Father&#39;s Day, Independence Day, Labor Day, Columbus Day, Halloween, Veterans Day, Thanksgiving, Christmas, New Year&#39;s Eve"
1163,Holidays include
1164,"Find out how to get around campus, stay up-to-date with the latest campus news, view grades and class schedules and more(ACCESS_COARSE_LOCATION)"
1165,"Browse and search the course catalog, view class times, locations and more"
1166,"Search, browse, download and share images from La Salle collections"
1167,Always know what&#39;s happening on or around La Salle
1168,It&#39;s La Salle in the palm of your hand
1169,Maps
1170,"Check schedules, scores, and news for your favorite teams"
1171,Course Catalog
1172,Events
1173,Access important numbers when you need them
1174,Emergency
1175,"Browse lectures, exhibits and more"
1176,Search the public directory for faculty and staff
1177,you like
1178,Stay up-to-date with the Explorers
1179,"Search the library catalog, check item availability, and even contact a librarian while on the go"
1180,News
1181,Find out where you are and where you need to go
1182,Send an email or place a call
1183,"Get the latest headlines, and browse and search recent articles to stay on top of the most important campus news"
1184,Plan your semester on the go
1185,"Recent speakers, La Salle events, podcasts and more are available to watch whenever"
1186,View which classes you are registered for and when they meet(READ_CALENDAR)
1187,Directory
1188,Athletics
1189,Stay connected with La Salle University wherever you are
1190,Features
1191,Videos
1192,Schedule
1193,Library
1194,Grades
1195,and wherever
1196,Images
1197,Check your final grades from each semester on the go
1198,Enjoy
1199,Information about your child&#39;s development can now be always with you
1200,This pregnancy assistant enables women expecting the child or someone else you want to follow the pregnancy to track fetal development week by week and some information daily
1201,From first week of pregnancy to 12 months after childbirth
1202,"You can place a widget on your home screen too, to show the number of days till the childbirth of the baby"
1203,Free version with ads
1204,Pregnancy app and widget
1205,A forum is also available
1206,"App give you also some tips, facts and advices for your pregnancy and the 12 first month of your new baby"
1207,"Membership now exceeds 20,000 franchise new car, light, medium and heavy-duty truck franchises from new vehicle manufacturers or distributors"
1208,"The 2012 NADA/ATD Convention and Expo is the one source for education, product, people and networking"
1209,"The National Automobile Dealers Association (NADA) was founded by dealers and state automobile association executives in Washington, DC, in 1917"
1210,"This event is the world&#39;s largest international gathering place in 2013 for the franchised new vehicle dealer showcasing the latest equipment, services and technologies"
1211,The NADA/ATD Convention and Expo is the automotive and truck industry event of the year
1212,"This application provides information about services provided by KABA Junk Removal Services, KABA Moving Service and KABA Lanscaping, providing services to the greater Minneapolis-Saint Paul Twin cities aria"
1213,There are links to Our website and Coupons available for discounts on your Junk removal and Moving needs
1214,"For unlimited printing you need to purchase PrinterShare Premium Key, a separate small application that simply needs to be on the device to unlock Premium Features of the free app"
1215,"These drivers are distributed under GNU General Public License, version 2(READ_CALENDAR)"
1216,Please note
1217,"Also you will be able to print photos and images (JPG, PNG, GIF), print emails from Gmail (including attachments"
1218,"Nearby direct printing (PDFs, documents, photos and more) via Wi-Fi, Bluetooth and even USB without PC;"
1219,"PrinterShare is supporting a wide variety of HP (Officejet, LaserJet, Photosmart, Deskjet and other series), Epson (Artisan, WorkForce, Stylus and other series), Canon (PIXMA MP/MX/MG and other series), Brother, Kodak , Samsung, Dell, Lexmark and other printers including legacy networkable"
1220,Requested permissions are needed to print content and are not used to collect your personal data
1221,Have a good print
1222,"You may configure many print options including paper size, page orientation, number of copies, page range, one"
1223,"Print anytime, anywhere from your Android device"
1224,"Now you can instantly print PDF files, office documents (Word, Excel, PowerPoint), bills, invoices and more directly from your device to a printer right next to you or across the world(WRITE_EXTERNAL_STORAGE)"
1225,With the free version of the app you can
1226,"or two-sided printing (duplex mode), print quality (resolution), printout mode (color or monochrome), output tray and more"
1227,Print 20 pages in Remote mode over the Internet
1228,The receiving end (Windows or Mac) would not have to buy pages or subscribe
1229,"PDF, DOC, XSL, PPT, TXT), print contacts, agenda, sms/mms, call log, web pages (HTML) and other digital content from device internal memory, SD card or cloud source such as Google Drive / Google Docs(READ_CONTACTS)"
1230,"Print a test page to determine compatibility, as not every printer is supported;"
1231,Print via Google Cloud Print (including save to Cloud Drive as PDF) at no extra-charge;
1232,Prior to buying the key we highly recommend printing the test page to ensure compatibility with your printer
1233,Premium Features
1234,Nearby printing to Windows shared (SMB/CIFS) or Mac shared printers;
1235,Unlimited Remote printing
1236,"We have our Morning service in Malayalam, completely translated in to English to help believers who come from other states of India and also from other parts of the world"
1237,We also have a Hindi/English Worship service in Evening
1238,"Perth Revival Church is the first church for Born again Indian Christians in the land of Perth, Western Australia"
1239,We hope you find this app helpful and informative
1240,We welcome your feedback and suggestions on our app
1241,We are sure that you will enjoy the lively and Spirit filled worship
1242,"In the wondrous name of our Lord and Savior Jesus Christ, we welcome you to our Church&#39;s android application called &#39;PRC Perth&#39;"
1243,"Perth Revival Church commonly known as PRC is located in the Capital city Perth, one of the historical cities of Western Australia(ACCESS_COARSE_LOCATION)"
1244,"Within this app you will find details on our Church Address, leadership, Church Worship timings"
1245,Thank you for taking your time to download this app
1246,some past church sermons and some information on how you can have a personal relationship with Jesus Christ
1247,May God richly bless you all
1248,"If you are looking for a dynamic church laid on strong Pentecostal doctrines, then do join us for a time of praise and worship and experience the power of God"
1249,"Whether you are a long time resident here or just visiting, we welcome your presence and invite you to worship with us"
1250,The Word of God delivered by the servant of God will for sure bring a revival in your life that will comfort your mind and soul
