,0
0,Create widgets by long pressing any blank space on your home screen
1,No worries
2,What if their device is off
3,No voice minutes or SMS used for TiKL calls or chats(READ_CONTACTS)
4,Works across carriers and Android/iPhone/iPad/iPod Touch
5,"If things don&#39;t work after updating, please uninstall and reinstall"
6,Fast and simple
7,TiKL turns your phone into the ultimate Push To Talk (PTT) Walkie Talkie with instant messenger capability
8,Quick one-on-one/group voice push-to-talk calls(READ_CONTACTS)
9,"To ensure that you do not miss any incoming TiKL calls or chats, please launch the app at least once after installing/upgrading it"
10,Uses data connection only
11,No hidden fee or ads
12,Instantly speak to or text one or many friends at once with the touch of a button
13,Lightning fast chat with delivery confirmation
14,We are on Facebook and Twitter
15,Top communication/social app for years
16,Over 25 million users worldwide and counting
17,TiKL automatically delivers your messages the moment it is turned on
18,Named &#39;Top Developer&#39; by Google
19,Completely FREE
20,"Connects on WiFi, 3G, 4G, EDGE and GPRS"
21,"No setup needed, just have them in your address book or as Facebook friends(READ_CONTACTS)"
22,Featured in the book &#39;Amazing Android Apps for Dummies&#39;
23,"The purpose of the program is to bring joy,"
24,Banned for illegal purposes
25,"This program is based on sipdroid, main functions are"
26,"2, put your voice into a robotic tone, send to each other"
27,"1, put your voice into TOMCAT tone, send to each other"
28,Motion Spy Video Recorder is a spy video recorder for professional or personal video recordings and is the best app available in the Android market for taking motion triggered videos(RECORD_AUDIO)
29,And all this happens while your phone appears turned off
30,"Just start the app and position your phone and motion-triggered video clips will be recorded(RECORD_AUDIO,WRITE_EXTERNAL_STORAGE)"
31,i Motion Spy Video Recorder is developed and distributed by Zero Noise Apps(RECORD_AUDIO)
32,"For use by companies, please contact us for corporate license information. /i"
33,Instant email with before and after pictures and text/SMS notification
34,Hide videos from Gallery
35,Surveillance camera
36,Infant baby monitor
37,Full HD video recording if your device supports it
38,/b
39,Options for delayed / future recordings
40,b Uses
41,Spy video recording(RECORD_AUDIO)
42,Choose internal or external SD card for storing videos
43,We are committed to top notch customer experience and will respond quickly to feedback and feature requests
44,"This app is licensed, not sold"
45,"If you like our app, please take a minute to rate it on Google Play market"
46,You can choose to get instant notifications by email with before and after pictures or text/SMS when motion is detected
47,b Features
48,Supports front and back camera
49,"b Motion Spy Video Recorder is the ONLY professional HD video recorder that triggers on motion detection. /b  Built using 10+ years of imaging technology expertise, this app brings robust, professional grade motion detection technology to your phone"
50,Secret video recorder
51,One touch operation to setup up motion detector
52,All rights reserved
53,i The free version is ad supported and has limits on the video clips you can record but all other options work. /i(RECORD_AUDIO)
54,Change launcher icon so the app is completely discreet
55,Motion triggered video recorder
56,Option to adjust the sensitivity of the motion detector
57,Option to play alarm sound when motion detected
58,During monitoring and video recording device appears turned off
59,CCTV and security video recording(RECORD_AUDIO)
60,Custom sender email option for complete privacy
61,Professional hidden video recorder
62,Tags
63,"android funny ringtone, funny ringtones android, fun ringtones,most ringtones,record,record ringtone,April Fool&#39;s Day Ringtones,SMS Tones, SMS effects sound, Funny Effects Sound(WRITE_CONTACTS,READ_CONTACTS,WRITE_EXTERNAL_STORAGE,WRITE_SETTINGS)"
64,Beautiful and simple voice recorder(RECORD_AUDIO)
65,You will love these funny ringtones
66,Some of these funny ringtones are guaranteed to make you smile and laugh
67,"Android Funny Ringtones app contains high quality, crazy funny ringtone sounds and voices(RECORD_AUDIO,READ_CONTACTS,WRITE_EXTERNAL_STORAGE,WRITE_SETTINGS)"
68,Manage all your voice recordings and set as ringtone(RECORD_AUDIO)
69,Open source
70,Vibration
71,Video Recording (Experimental)
72,Samsung Galaxy Note
73,Sony Xperia Play
74,Samsung Galaxy S2
75,Samsung Galaxy S3
76,Face detection auto shot
77,Small size application
78,You can try to uninstall and reinstall the app when capturing not working properly
79,Pinch to zoom(WRITE_EXTERNAL_STORAGE)
80,"Everyone at one time will want to capture image without anyone notice it, this application will give you an easy, fast and smart way doing it"
81,Human detection
82,Movement detection
83,Black screen (touch to capture)
84,Widget for faster capture and more secure shortcut naming Next Features
85,"More to test, please email me"
86,Most of android phones
87,Asus Transformer Pad
88,Fast capture
89,Background capture/recording (Experimental)
90,Back/front camera
91,Hide/show folder on Gallery(WRITE_EXTERNAL_STORAGE)
92,Samsung Galaxy S
93,Background invisible camera capture + great widget is here
94,Features
95,Phones
96,Full/max camera resolution
97,Save to internal/external storage
98,Auto shot with delay setting
99,Samsung Galaxy Nexus
100,Burst shot
101,Samsung Galaxy Note 2
102,"Spy Camera,Open Source,Stealth Camera,Silent Camera,Secret Camera,Hidden Camera,Video Spy,Hidden Video,Secret Video, SpyCam, SpyVideo, SecretCam(CAMERA,RECORD_AUDIO)"
103,Samsung Galaxy W
104,Burst-Shot
105,Open source
106,Vibration
107,Video Recording (Experimental)
108,Review
109,Features
110,Samsung Galaxy Note
111,Human detection
112,Sony Xperia Play
113,"Everyone at one time will want to capture image without anyone notice it, this application will give you an easy, fast and smart way doing it"
114,Source code
115,Asus Transformer Pad
116,Samsung Galaxy S3
117,Submit your idea/code at bitbucket / XDA / email me
118,Full/max camera resolution
119,Small size application
120,solving issue in capturing fast moving object
121,You can try to uninstall and reinstall the app when capturing not working properly
122,Pinch to zoom(WRITE_EXTERNAL_STORAGE)
123,Please aware the difference
124,Face detection auto shot
125,Movement detection
126,Next Features
127,Most of android phones
128,Smart rotation
129,I won&#39;t able to help you if you only wrote that on comment
130,Black screen (touch to capture)
131,"More to test, please email me"
132,take photo/video from any phone position and it will always rotate correctly Now with Slider UI for faster and easier control(WRITE_EXTERNAL_STORAGE)
133,Samsung Galaxy S2
134,Burst shot
135,XDA discussion
136,Background capture/recording (Experimental)
137,Back/front camera
138,Hide/show folder on Gallery(WRITE_EXTERNAL_STORAGE)
139,Samsung Galaxy Note 2
140,Background invisible camera capture + great widget is here
141,Spy Camera OS is an open source spy camera project
142,Phones
143,Save to internal/external storage
144,Auto shot with delay setting
145,Samsung Galaxy Nexus
146,D Introducing the new feature
147,Tag
148,Widget for faster capture and more secure shortcut naming
149,"(NOTICE) I got report from XDA and users, that many &#39;copy&#39; of my app published in Google Play, but only adding adwares and ad-pushes"
150,Fast capture
151,Samsung Galaxy S
152,"Spy Camera,Open Source,Stealth Camera,Silent Camera,Secret Camera,Hidden Camera,Video Spy,Hidden Video,Secret Video, SpyCam, SpyVideo, SecretCam(CAMERA,RECORD_AUDIO)"
153,Samsung Galaxy W
154,"Use emoticons, stickers and audiocons(voice emoticon) to let your friends or family know what&#39;s on your mind"
155,Chat history
156,Here is the answer
157,"tell, talk, tttalk, walkie talkie,tikl, walkie-talkie, voice messaging, voice messenger, push to talk, messenger, free messaging, instant messaging, ptt, sms, text, whatsapp, line, kakao, voxer, zello, aire, heytell, voice(RECORD_AUDIO,READ_CONTACTS)"
158,"With TTtalk, staying in touch has never been so fast, easy and FUN"
159,Message delivery even when recipient&#39;s device is off(READ_CONTACTS)
160,Free of geographic communication boundaries
161,Are you looking for the New Way to Talk
162,1-to-1 or group chats
163,Real-time confirmation when messages are read
164,Express yourself in new and creative ways
165,Voice message playback(RECORD_AUDIO)
166,Enjoy quick back and forth voice messaging in real time(RECORD_AUDIO)
167,Push notifications
168,Meet TTtalk a Walkie-Talkie app that will allow you to use instant text messaging and share multimedia(READ_CONTACTS)
169,"Guarantee voice quality and delivery(RECORD_AUDIO,READ_CONTACTS)"
170,We recommend installing Android OS 2.2 or higher for better use of TTtalk
171,Low data usage (optimized for mobile networks)
172,Compatible with many mobile operators/networks/devices
173,You can also save time compared to making calls or using SMS
174,Push-To-Talk (real-time audio streaming) calls
175,Instant group texting and video/photo sharing(READ_CONTACTS)
176,All for FREE
177,Any question or suggestions
178,Keywords
179,"Various audiocons, stickers, emoticons"
180,"Ladytimer Ovulation and Period Calendar tracks and predicts menstrual cycle days, helping women to become pregnant or avoid pregnancy"
181,It&#39;s very easy to generate a page of your data for your doctor or partner
182,LadyCloud synchronization does it all automatically for you
183,Lots of calendar options
184,You chose what data you wish to share
185,Never lose your data when switching phones
186,"For improved accuracy, enter your resting body temperature which Ladytimer will use to detect ovulation"
187,Ladytimer the most advanced menstruation calendar
188,Excellent user support
189,LadyCloud automatic backup and sync
190,Super easy to use
191,Chat with other Ladytimer users on our discussion board
192,Portable to any smartphone
193,Period history
194,Share data with your doctor or partner
195,"Period, Ovulation and other reminders"
196,Baby gender forecast
197,The app also shows you when you are more likely to conceive a boy or a girl
198,Text and voice notes(RECORD_AUDIO)
199,Your fertility calendar data can be saved online and imported to any smartphone when needed
200,Our quick setup screen prompts you to enter your last period day
201,After that the app will calculate the cycle for you
202,"symptoms, moods, weight, etc"
203,Community
204,"Enter and track symptoms, moods, notes, weight, intimacy, ovulation tests, etc for any day"
205,"English, Deutsch, espaol, franais, italiano, portugues, , , ,"
206,You are now ready to get started using the Android Remote Microphone and Dragon NaturallySpeaking 12
207,o Current Dragon Profile Name
208,Steps include
209,Dragon Remote Microphone App for Android lets you turn your Android device into a wireless microphone for use with Dragon NaturallySpeaking version 12 over a WiFi network(RECORD_AUDIO)
210,"Just speak your mind to capture ideas, create content, cruise through email, search the Web, or control your PC"
211,Dragon NaturallySpeaking has been designed to turn your talk into text faster and more accurately than ever before
212,o IP Address
213,"Dragon Speech recognition for your PC will change how you work, communicate, create and live"
214,o Computer Name
215,Note
216,The Android Remote Microphone will work on devices using OS 2.2 and higher
217,o Computer Port
218,Unleash your inner Dragon today with Dragon NaturallySpeaking 12 and the Android Remote Microphone
219,"if there are firewalls in your network, the app might not communicate successfully with Dragon"
220,Simply use the camera on your device to scan the barcode(CAMERA)
221,"Once the Remote Microphone App is installed, you will need to create a profile in Dragon NaturallySpeaking or Dragon Dictate(RECORD_AUDIO)"
222,Ensure your PC or Mac and Android device are connected to the same WiFi network
223,"In the settings of the app, to set up the profile you will need the following (this information is presented to you when you create a profile selecting the Dragon Remote Microphone in Dragon NaturallySpeaking and Dragon Dictate)"
224,It&#39;s easier than ever to use this app with Dragon NaturallySpeaking version 12
225,FI9820W and FI8620W are not compatible with this app
226,Notice
227,Real-time screenshot and recording
228,"You can use it for watching your home, kids and pets anywhere if you can get a 3G or WiFi connection"
229,Foscam is the world leading brand focusing on IP Camera
230,Access Foscam IP Cameras by DDNS URL(CAMERA)
231,This app is officially released by Shenzhen Foscam Intelligent Technology Limited
232,P/T/Z control
233,Main Features
234,"With Foscam Viewer, you can view and control your Foscam IP Camera from your Android phones and tablets(CAMERA)"
235,Access Foscam IP Cameras by scanning P2P QR code(CAMERA)
236,Search and add Foscam IP Cameras in WLAN(CAMERA)
237,Start to enjoy your security life now
238,"Manage the screenshot and recording files on your phone(RECORD_AUDIO,WRITE_EXTERNAL_STORAGE)"
239,"Mute contacts, so you aren&#39;t bothered when they message you"
240,"Fun, easy, social"
241,Group your Facebook friends in lists
242,Cute &#39;Gowing&#39; smileys
243,and lots of love everywhere
244,Tags
245,Facebook chat facebook messenger
246,Attach your current location
247,More features
248,"Quickly jump between different chats, because instant messaging needs to be fast"
249,"Optimized landscape layouts, we know some of you prefer it that way"
250,Homescreen widget
251,Facebook inbox sync
252,Rename your friends
253,Be notified when your favorite contacts go online
254,5 different themes
255,Easy and secure Facebook login
256,"Devil, Christmas and Classic themes, and more are coming"
257,Send messages to your friends even when they are offline
258,Rated as the best Facebook chat experience Instantly see who&#39;s online on Facebook
259,Stay in touch with your friends in Facebook chat with Go!Chat
260,"No additional fees, 100% free, it only uses your internet data connection or WiFi"
261,Change interface appearance
262,"Share photos, videos and voice notes through Facebook chat(RECORD_AUDIO)"
263,"This app allows you to hear K92.3 live 24/7, vote on the music that you want to hear from your favorite Country artists, record a message to play on air with our &#39;Open Mic&#39; feature, set up reminders/alarms with custom recorded messages from your favorite K92.3 artists and more(RECORD_AUDIO)"
264,"Welcome to K92.3&#39;s app it&#39;s your connection to Orlando&#39;s only Country Station featuring music from country&#39;s hottest artists like Luke Bryan, Taylor Swift, Jason Aldean, Carrie Underwood and Blake Shelton(WRITE_EXTERNAL_STORAGE)"
265,K92.3
266,Earn tickets and Up Close and Personal access to K92.3 exclusive events
267,The more you use the more you win
268,Orlando&#39;s Country
269,Smart Search Assistance
270,1-click search for local results along with map view and list view (US only)(ACCESS_FINE_LOCATION)
271,Voice search with Talk-back feature provides interactive mobile experience on-the-go (US only)
272,The Yahoo
273,"Support for more than 60 languages / locales in Asia, Europe and Latin America"
274,Search App and Widget for Android finds what you are looking for
275,"This newly redesigned app is simple, intuitive and fast"
276,"Improved search result quality with more visual displays for searches on movies, sports, news, celebrities etc"
277,2 widget formats to suit your device&#39;s home-screen real-estate
278,In-app feedback (US only) puts you in-touch directly with the app developers
279,This all-in-one search app connects you to places and information you seek when you&#39;re mobile
280,Key features
281,built for Android
282,Social sharing of search results
283,Get fast and easy access to the best of Yahoo
284,"b DO NOT USE ACR IN CONJUNCTION WITH OTHER CALL RECORDERS AND TRY DIFFERENT RECORDING FORMATS (ogg,3gp,mp4,wav) TO FIND BEST ONE FOR YOUR PHONE /b(RECORD_AUDIO)"
285,Displaying contact name and photo
286,Another Call Recorder is a free call recorder application(RECORD_AUDIO)
287,See below features list and download the best call recorder in the Play Store(RECORD_AUDIO)
288,Excluded numbers
289,Tested on Samsung Galaxy S3 but reported to be working phones listed below
290,"Different recording modes by number, contact, non-contact or just selected contacts"
291,/b
292,Google Drive integration
293,Some phones does not support call recording properly(RECORD_AUDIO)
294,Some of ACR&#39;s features are
295,Marking recordings as important so they don&#39;t get auto deleted
296,Lots of recording formats
297,"Although main purpose of ACR is to record incoming and outgoing phone calls, it has lots of features for free"
298,Search
299,Auto email
300,Try workaround in ACR settings with audio input mode set to VOICE_CALL to see if you can get proper 2 way call recording(RECORD_AUDIO)
301,Ability start delayed recording
302,Dropbox integration(WRITE_EXTERNAL_STORAGE)
303,Grouping recordings by date
304,Password protection of recordings
305,US USERS
306,Auto or Manual call recording(RECORD_AUDIO)
307,b  THIS APP WORKS WELL ON SAMSUNG INTERNATIONAL GALAXY S3 AND MAY NOT WORK ON ALL PHONES
308,Auto delete old recordings
309,"Multi select, delete, send"
310,This is due to capabilities of different chipset/CPU each brand/model have
311,ACR records phone calls(RECORD_AUDIO)
312,And many more
313,"With the babbel.com website learning system, you can learn French flexibly online"
314,This is absolutely FREE
315,"&#39;But Babbel&#39;s focus on speaking, the wide selection of languages and the modest price make it competitive with both the free Duolingo and the sophisticated but pricey Rosetta Stone"
316,Interactive French exercises for vocabulary and grammar as well as other tools enable you to pinpoint and learn what you need
317,"With Babbel you won&#39;t just learn quickly, intuitively and flexibly, but also more affordably than with traditional language courses"
318,"Play, understand, speak and write"
319,"Learn English, Spanish, French, Italian, German, Brazilian Portuguese, Swedish, Turkish, Polish, Dutch or Indonesian and communicate with people from all over the world"
320,"3000 vocabulary words with images, pronunciation and sentence examples"
321,"Actively speak French with babbel.com, one of the biggest language learning platforms worldwide"
322,"Thanks to integrated speech recognition, you can rate and practice your French pronunciation(RECORD_AUDIO)"
323,This is the only way the vocabulary you&#39;ve learned can be saved and your progress analyzed
324,free of charge and with no obligations
325,"Beginner and refresher courses, grammar, verb training, tongue twisters, phrasebooks and much more(RECORD_AUDIO)"
326,French
327,"study vocabulary with interactive exercises, systematically deepen your knowledge and practice your pronunciation"
328,The Economist (Jun 14th 2013)
329,VISIT US
330,Just give it a try
331,Optimized for tablets
332,The first lesson of any category is already included in this app
333,This helps embed what you&#39;ve learned in your long-term memory
334,CIRCLE US
335,The courses have been developed by experts and improved with years&#39; worth of customer feedback
336,Learning languages on the internet has never been so easy
337,You can try the first French exercises online
338,Learn French with Babbel
339,Get the free Basic and Advanced Vocabulary at home and on-the-go(RECORD_AUDIO)
340,The intelligent review manager presents the vocabulary you&#39;ve learned in optimal intervals for review
341,You can create your personal Babbel account directly on the app
342,FAN US
343,Extra courses and features on babbel.com
344,Vocabulary trainer for beginners and advanced learners(RECORD_AUDIO)
345,Basic and Advanced Vocabulary(RECORD_AUDIO)
346,Write with your questions and suggestions to
347,Integrated speech recognition for pronunciation exercises(RECORD_AUDIO)
348,"To be able to download additional vocabulary packages and use the review manager, you will need a free Babbel account(RECORD_AUDIO)"
349,Fear of speaking
350,Other French vocabulary packages can be downloaded(RECORD_AUDIO)
351,Offline mode
352,The courses are divided into manageable themes and offer you a variety of different French exercises
353,About babbel.com
354,Your Babbel Mobile team
355,No problem
356,We&#39;re happy to have your feedback
357,Free app
358,FOLLOW US
359,Numerous themes
360,Intelligent review manager
361,Note
362,"The most flexible voice changer app, with infinite number of voice changing options"
363,Change your SPEECH SPEED
364,This app can not change the voice during a phone call
365,Select many voices and effects
366,Record yourself and then change your voice
367,"If you liked Ultra Voice Changer, Best Voice Changer and Voice Changer Deluxe you will like this app better(RECORD_AUDIO)"
368,The app has ads
369,A simple to use yet highly powerful voice changer(RECORD_AUDIO)
370,Instantly hear the modified voice
371,Add Effects
372,"CHORUS, ECHO"
373,"Change your voice to CHIPMUNK, CAT, ROBOT, CHILD, MEGAPHONE, several WOMEN&#39;s and MEN&#39;s voices, and more"
374,Utilizing a noise cancelation microphone Indy Mobile Designs gives you a program to record and send your voice recordings out(RECORD_AUDIO)
375,"The other problem may be your android speakers, export the file and see how it sounds on a nice set of speakers(WRITE_EXTERNAL_STORAGE)"
376,"Please Read Before You Review Please understand if your recordings sound bad, it is because you have a cheap microphone in your phone(RECORD_AUDIO)"
377,The application utilizes noise cancellation and other features but you can&#39;t expect to get recording studio quality with a $50 phone
378,"If your looking for the way to record and be a Rap Star, Rock Star, Country Singer, or Pop Icon, this program is for you"
379,Win $100 by simply signing up to our newsletter and let the world hear you through our Facebook site
380,"Quickly search your phone, the web, and nearby locations by speaking, instead of typing"
381,Note
382,"Call your contacts, get directions, and control your phone with Voice Actions(READ_CONTACTS)"
383,Voice Actions is only available in US English for now(READ_CONTACTS)
384,"Live-stream shows, browse guests, respond directly in 10 Seconds of Glory clips, and answer flash polls"
385,Join the Audio Roadshow conversation
386,"Let your voice be heard from anywhere, now on Android"
387,"Hike to hike messaging is free, always, worldwide"
388,Now send messages to your hike Contacts who are offline(READ_CONTACTS)
389,EMOTICONS
390,There no more confusion about logging in and logging out
391,So if your friends aren&#39;t on hike you can still message them
392,Now seamlessly exchange voice messages with the hike Walkie Talkie(RECORD_AUDIO)
393,128-bit SSL ENCRYPTION
394,OFFLINE MESSAGES
395,"And better yet, for free"
396,With hike you can message friends that are on hike and also those who aren&#39;t on hike too
397,FREE HIKE2SMS TO INDIA
398,"hike uses your 2G, 3G or WiFi (when available) to message with friends and family"
399,A central hub to view updates from your entire Circle of Friends
400,or follow us on twitter
401,WALKIE TALKIE
402,STICKERS
403,"With sent, delivered, read and typing notifications, it feels like you&#39;re having a chat with someone in person(WRITE_CONTACTS)"
404,"SHARE LOCATION and CONTACTS(ACCESS_COARSE_LOCATION,ACCESS_FINE_LOCATION)"
405,We&#39;ll get back to you within the hour
406,NO USERNAME and PINS
407,"Once you download the application, you can chat with any of your friends for free"
408,"Share contacts and your location with friends(WRITE_CONTACTS,READ_CONTACTS)"
409,SEND OFFLINE MESSAGES
410,"You can safely post fun, embarrassing updates knowing that your parents or boss will not see them"
411,"We&#39;d love to hear from you about hike If you have any feedback, questions concerns, please email us at"
412,"You can message all your friends, even those who aren&#39;t on hike,"
413,"Better yet, its absolutely FREE"
414,The app can now be stored on the SD Card
415,Your Address Book is used to automatically connect you with your friends and family(READ_CONTACTS)
416,PIN Issues
417,"Just like SMS, hike works with your phone number and integrates flawlessly with your existing phone address book(READ_CONTACTS)"
418,GROUP CHAT
419,Only your Circle of Friends can see when you were last seen
420,"With over 20 amazingly cute moods available, posting status updates have never been this much fun"
421,"FAST, SIMPLE, PERSONAL"
422,STATUS UPDATES and MOODS
423,MOVE TO SD CARD
424,CIRCLE OF FRIENDS (formerly Favorites)
425,or facebook
426,All in one group
427,"SHARE PHOTOS, VIDEOS"
428,With hike you never need to add &#39;buddies&#39;
429,You&#39;ll never have to use another messaging app again
430,hike is ALWAYS ON
431,Create a group chat with friends and family on hike and also with those who aren&#39;t on hike via Free hike SMS
432,Free SMS can only be sent to India
433,CHAT FOR FREE
434,With hike you&#39;re ALWAYS CONNECTED
435,Now send some amazing stickers on hike
436,hike is a new messenger that lets you send free messages to your friends and family
437,AS OPEN AS SMS
438,"Just in case your phones off, hike saves your messages offline until you turn your phone on again(READ_CONTACTS)"
439,RECENT UPDATES
440,hike has some awesome emoticons that you can share with friends
441,ALWAYS ON
442,"You can send photos, videos and much more to friends on hike"
443,"Fun, free messaging for life"
444,You&#39;ve never seen more emotional and funnier emoticons
445,Its that simple
446,Your status updates are shared only amongst your circle of friends
447,Messages on hike are now encrypted over Wi-Fi
448,Express yourself in a whole new cool way
449,@hikeapp
450,hike is super fast
451,You can now share status updates with your closest friends
452,WHY USE HIKE
453,LAST SEEN
454,We&#39;ve also built in FREE hike to non-hike SMS
455,NO HIDDEN COST
456,Your contacts who already have WhatsApp Messenger will be automatically displayed
457,First year FREE
458,WhatsApp uses your Internet connection
459,"Share location, Exchange contacts, Custom wallpaper, Custom notification sounds, Landscape mode, Precise message time stamps, Email chat history, Broadcast messages and MMS to many contacts at once and much much more(WRITE_CONTACTS,ACCESS_COARSE_LOCATION,ACCESS_FINE_LOCATION,READ_CONTACTS,WRITE_SETTINGS)"
460,"If you have any feedback, questions, or concerns, please email us at"
461,With push notifications WhatsApp is ALWAYS ON and ALWAYS CONNECTED(RECEIVE_BOOT_COMPLETED)
462,or follow us on twitter
463,WhatsApp Messenger is a smartphone messenger available for Android and other smartphones
464,"When roaming, additional carrier data charges may apply"
465,Were always excited to hear from you
466,"Send Video, Images, and Voice notes to your friends and contacts"
467,($0.99 USD/year after)
468,WhatsApp uses your 3G or WiFi (when available) to message with friends and family
469,AND MUCH MORE
470,"Once you and your friends download the application, you can use it to chat as much as you want"
471,Chat with your friends all over the world as long as they have WhatsApp Messenger installed and avoid those pesky international SMS costs
472,Please contact your carrier for details
473,NO NEED TO ADD BUDDIES
474,GROUP CHAT
475,Enjoy group conversations with your contacts
476,No more confusion about getting logged off from another computer or device
477,"Switch from SMS to WhatsApp to send and receive messages, pictures, audio notes, and video messages"
478,3G/EDGE or Wi-Fi when available
479,NO INTERNATIONAL CHARGES
480,OFFLINE MESSAGES
481,Send a million messages a day to your friends for free
482,NO NEED TO LOG IN/OUT
483,SAY NO TO PINS AND USERNAMES
484,MULTIMEDIA
485,Why even bother having to remember yet another PIN or username
486,WHY USE WHATSAPP
487,"WhatsApp works with your phone number, just like SMS would, and integrates flawlessly with your existing phone address book(READ_CONTACTS)"
488,"Just like there is no added cost to send an international email, there is no cost to send WhatsApp messages internationally"
489,"Even if you miss your push notifications or turn off your phone, WhatsApp will save your messages offline until you retrieve them during the next application use(RECEIVE_BOOT_COMPLETED)"
490,Your Address Book is used to automatically connect you with your contacts(READ_CONTACTS)
491,"No need to wait to see the result, you can even change the effects as you record the movie(RECORD_AUDIO)"
492,Please disable the &#39;Do not keep activities&#39; option in the Settings/Developer options/Apps
493,Instructions and Recommendations
494,"Film, Ghost, Cartoon, Cinematic, Stroboscope, Thermal, Mirror, Neon and others"
495,Export to Media Gallery in mp4 format
496,It&#39;s easy to use
497,On some devices you may get low-fps and jerky videos
498,Make videos that youll be proud to share with your friends and turn yourself into music star
499,The app will warn if free space on your SD is below 300M and will block or stop recording if it falls below 100M
500,Built-in player to watch recorded movies
501,Look for this option under the Share button
502,Please note that at the moment the app supports only mp3 tracks
503,You don&#39;t need professional camera and video editor software
504,"Pick up a song, select from a number of effects and filters and start recording"
505,Support for back and frontal camera
506,You dont have to be a video editor or know anything about video editing at all
507,"If so, try decreasing resolution on the settings page"
508,Autopause let&#39;s you pause recording automatically without touching the button on the phone(RECORD_AUDIO)
509,"It won&#39;t accept audio in other formats (wma, mp4a, ogg etc)"
510,Give it a try and see how you perform as music video star
511,Record in HD quality with 720p resolution (not available on all devices)(RECORD_AUDIO)
512,Recording HD video requires a lot of CPU/GPU power
513,Select mp3 song on your device for the video or use microphone(RECORD_AUDIO)
514,VideoFX uses ffmpeg under LGPL license and libjpeg-turbo under BSD license
515,Pause/resume record of the video to change the effect and scene(RECORD_AUDIO)
516,It might cause issues on some devices (endless app restart)
517,Thank you
518,Video recording requires a lot of free space on SD card
519,Start Timer allows you to delay the recording of each clip and gives you time to get prepared for recording(RECORD_AUDIO)
520,"Share and upload to Youtube, Facebook and other services"
521,"More than 40 effects in total, numerous effects for free"
522,If you experience problems/crashes please let us know by email and we will look into the problem
523,Create amazing videos with special effects for your favorite music tracks
524,Super simple sign up
525,"Super easy video messaging(CAMERA,READ_CONTACTS)"
526,Send Texts (real SMS messages) to more than 100 countries using your credits(READ_CONTACTS)
527,"Watch videos to earn free calling minutes to any phone number in the United States , Canada, Mexico, Brazil, Australia, China, Pakistan, Philippines, India, France, Germany, UK, Turkey and many others (1)"
528,With TextMe you and your friends can
529,Receive your TextMe messages on Google Glass and Pebble watch
530,Send your Dropbox photos and videos via sms directly from TextMe
531,"Enjoy group texting features with text, photos and videos"
532,Get notified when your message is delivered and read by your friend
533,Other goodies that come with TextMe
534,"Send Texts (real SMS messages) to any number in the United States, Canada, Mexico and more than 40 countries worldwide FOR FREE from your Android Phone or Android Tablet(READ_CONTACTS)"
535,"Also, if your friends install the app as well, you will be able to do a lot more with them, including FREE CALLS and FREE VIDEO CALLS between Android and other platforms"
536,Free Voice messages (1) Countries that can be called from TextMe include
537,never miss an important text
538,"Enjoy Free HD Voice and Video Calls to other TextMe users(RECORD_AUDIO,READ_CONTACTS)"
539,Free HD Voice and Video Calls between Android and other platforms Turn your Android Tablet into a Phone(RECORD_AUDIO)
540,"Of course, you can also text them for free"
541,Overall speed and performance of the app
542,"Get your own TextMe phone number, receive and send SMS messages from your TextMe number and place and receive calls from your TextMe phone number(READ_CONTACTS)"
543,Push Notifications for new messages
544,Please give us your feedback on the app
545,The TextMe team Webpage
546,"Easily find your Facebook friends on TextMe and Chat, Call and Video Chat with them for free(CAMERA)"
547,Thanks for using TextMe
548,Earn free rewards just by using the application (Pocket Change)(GET_ACCOUNTS)
549,"So Sign up, share TextMe with your friends and start a call or a video chat for free"
550,"Bolivia, Brazil, Chile, China, Colombia, Costa Rica, Czech Republic, Denmark, Dominican Republic, Ecuador, El Salvador, France, Germany, Guatemala, Guyana, Honduras, Hong Kong, India, Ireland, Israel, Italy, Jamaica, Luxembourg, Malaysia, Mexico, Netherlands, Netherlands Antilles, New Zealand, Nicaragua, Pakistan, Panama, Paraguay, Peru, Philippines, Poland, Portugal, Romania, Spain, Surinam, Sweden, Switzerland, Trinidad and Tobago, Turkey, UK, Uruguay, Venezuela"
551,"Free Texting (real SMS messages) to any Phone number in the United States, Canada and 40 countries(READ_CONTACTS)"
552,Send and Receive large pictures and videos from Android to any device
553,Login with Google +
554,"TextMe is a cross-platform messaging application that allows you to send text messages (real sms) to any phone number in United States, Canada, Mexico and 100 countries in the World for FREE(READ_CONTACTS)"
555,What makes TextMe different
556,We have comics involving different subjects as for example
557,Put your general knowledge to test
558,Select either a photo from your gallery or an image which is already faked
559,Kids paint
560,Great and wonderful images out of the space
561,for free
562,"whistle, wait hiccup, shake, kiss, hello, gets bald etc"
563,"Upload your pics and turn yourself or your friend into a penguin, a dancing smiley, an alien, a sweet baby, a donkey, a giraffe, a squirrel, etc(RECORD_AUDIO,WRITE_EXTERNAL_STORAGE)"
564,Pair Up
565,Quiz
566,You will find funny jokes about
567,check now the IQ and your brains memory
568,"Catch the lion at the house game, with different animals that will try to deceive you"
569,Discover the artist in you
570,It is especially fun for children and adults of all ages
571,Photo Fun Functionality
572,Piano
573,Voice interaction/animations
574,"1 to 60, A to Z, 2 4 6, 1 3 5 , hex, roman numerals, periodic table, octal, etc(RECORD_AUDIO)"
575,There are flying Elephants that did not learn how to land properly
576,Talk to Luis the talking lion
577,Jokes Collection
578,Warning
579,Exciting touch game with 20 levels inside
580,High quality 3D graphics
581,Sliding puzzle
582,Let your pictures communicate something or create some comics by writing some fun stuff into bubbles
583,Touch and slide the pieces of the puzzle where they belong to recreate the original image
584,Super entertaining tool to try and draw a picture with your fingertip
585,Extra Content
586,Lion and Elephant/ Rhino Animations
587,"There are also a lot of predefined cartoon pictures that can be colored such as a mighty tiger, birds, a jumping Kangaroo, horses, an acrobatic monkey, a huge elephant, cars, helicopter, ships, fast rockets and many more"
588,"It contains stickers with various subjects like, hats, wigs (hairstyles), skulls, sunglasses, mouth expressions like kisses, scary objects with blood, etc"
589,Funny jokes divided in different categories
590,"Do you know all the things about history, machines, geology, biology, environment, economy, people, science etc"
591,"Online shop with toys, electronic gadgets, stylish fashion, etc"
592,Great numbers game
593,Pairs
594,You will be spoiled for choice in selecting the coolest sticker
595,1to60 game incl
596,Video section with different trailers of hot apps
597,Challenge your friends and discover who has got the faster reflexes
598,"Create funny and fake images/pictures and send per mail, share pictures with Whatsapp, Twitter, Skype, another Messenger Tool or upload them to Facebook, Flickr, Dropbox etc"
599,Enjoy hours of fun and laughter with this funny app
600,With 4 exciting inside games with many levels to play
601,Comics and Cartoons
602,Match up the pictures that belong together (that have something in common)
603,"weather, jobs, nurses, teachers, military, etc"
604,General knowledge
605,Get to know him better and he will show you that even if he is the king of the jungle there are some animals that could become slightly dangerous for him
606,Give your pictures a personal touch
607,Special Sound Effects
608,Find the same looking images on the board and train your memory with this cool match-2 game
609,Features
610,Funny casual game
611,Video Trailers
612,Two Players Super Duel
613,Check your high score
614,Take the selected pic and start personalizing by choosing between numerous stickers(WRITE_EXTERNAL_STORAGE)
615,Spend some time with him and become his friend
616,Special effects
617,Luis is a huge friendly lion with a slight personality disorder that makes him act a little bit weird some time
618,"holidays, tv, dogs, fish, bears and many many more"
619,He answers with his funny voice and reacts to what you say or your touch
620,"You will see the space shuttle, the moon, burning rockets, turning satellites, astronauts on a spacewalk, the first men doing a moonwalk, and many more"
621,Stickers
622,"Who will not love to read books, previously though many people loved to think that they would complete books but due to the fact that they would give read on the books was something that many people would keep themselves aloof of"
623,The content provided in this app is collected using Feeds and Videos are hosted by YouTube and all are available in public domain
624,Apps are fetching the data from RSS feeds of different sites
625,"Now people will not have to read books , rather they plug a ear phone and get a disk to read the whole story book for them"
626,The free audio books are doing this added advantage
627,"But with the time change , the face of reading story books are changing"
628,"The android app on &#39;free audio books&#39; will give details on free audio books mp3,free motivational audio books, free audio books online, free audio books itunes"
629,We have not uploaded any videos to YouTube
630,"This app provides an organized way to browse, read contents and watch YouTube Videos"
631,DISCLAIMER
632,"Whatever you are looking for, Naver is there for you to answer"
633,"Naver for Android With Naver, your life is easier than ever"
634,Wine label scanning
635,In-context keyword suggestion
636,Voice search
637,"You can enjoy the powerful search features, social network, webtoons, and many other special contents and servicesat once"
638,WIDGETS Choose from a wide variety of widgets
639,"Naver App offers 5X1, 5X2, 5X5 sized widgets, optimized for Galaxy Note"
640,Music identification
641,"SEARCH BY IMAGE, SOUND, QR CODE, AND VOICE"
642,"With the &#39;Push Notification&#39;in Naver App, you can view new comments or messages instantly(RECEIVE_BOOT_COMPLETED)"
643,Press Subscribe+ to view contents categorized by theme
644,(Main Features) 1)SEARCH ASSIST TOOLS
645,Japanese word capture and automatic search
646,Bar and QR code recognition
647,"PUSH NOTIFICATION You no longer need to sign-in to check new comments in your Naver blog or caf(CAMERA,RECEIVE_BOOT_COMPLETED)"
648,"NAVER ME NAVERme offers contents on dozens of categories, ranging from cooking, camping to the latest fashion"
649,Keyword auto completion
650,Please leave your inquiry on NAVER Customer Center (m.help.naver.com/mail.nhn) in case a problem occurs while using app
651,Search history
652,Initial character search
653,(Email inquiry
654,"Transparent and clean Basic Widget, Keyword Widget that displays the latest hot keyword, Personalized Widget that provides easy access to personalized services, including email and calendar,Search Widget that directly displays the real-time rising keywords and provides a direct link to hot searches, Shortcut Widget, which provides shortcuts to the wide variety of Naver services, Choose a widget that best suits your smart lifestyle"
655,Please note that an accurate access and answer to your problem cannot be possible if you are only leaving comment on the review
656,A wide variety of useful and interesting information will be delivered to your &#39;Subscription Box&#39; every day
657,Find categories that interest you and subscribe
658,We are committed to the craftsmanship of building a great product to make your life better
659,You can also send free text messages through our app(READ_CONTACTS)
660,Thanks and enjoy blip.me
661,it works even if your friend doesn&#39;t have blip.me
662,Stuck on text
663,+ send voice notes to any mobile phone(RECORD_AUDIO)
664,"If you enjoy using blip.me, please share it with your friends"
665,blip.me solves this by allowing you to send a blip.me voice note to any friend in your phone contact list(RECORD_AUDIO)
666,"blip.me is a fun, useful, and free way to turn your mobile phone into a push-to-talk walkie-talkie"
667,New
668,"+ simpler and faster than a text message, but personal like a phone call(READ_CONTACTS)"
669,"facebook messenger, skype, voxer walkie talkie, heytell, talk box, tikl, tickle, ptt, kik, kakaotalk, kakao talk, groupme, heytell, hey tell, viber, tokbox, hey tel, talk box, tango, whatsapp, whats app, walkie talkie app, voice messaging, voice messenger, push to talk, messenger, free messaging, instant messaging, voicemail, ptt, sms, text, touch to talk, google hangout, nextel chirp(RECORD_AUDIO,READ_CONTACTS)"
670,+ stay in touch with family and friends
671,"We want to make the world a better, more connected place"
672,Sending and receiving voice notes in a simple message can draw friends closer together(RECORD_AUDIO)
673,Seamlessly switch between voice and text
674,"blip.me was lovingly crafted by Abhay, Kevin, Sameer, Chris, and David in San Francisco, CA"
675,+ send and receive free voice notes with push-button ease(RECORD_AUDIO)
676,Send voice notes to friends in different countries(RECORD_AUDIO)
677,Send and receive voice messages with groups of friends for easy collaboration(RECORD_AUDIO)
678,"Have you ever wanted to send a quick note to your friend, but didn&#39;t want to go through the hassle of typing a text message(READ_CONTACTS)"
679,+ works on Android and iPhone as well as other platforms
680,"Compatible across platforms, You don&#39;t need to be on the same platform as your friends"
681,+ seamless group chat
682,Features
683,"Therefore, we are not charging for you to download or use blip.me"
684,"Additionally, we&#39;d love to listen to your feedback, thoughts, and ideas on how we can make this better for you"
685,Keywords
686,Compatible internationally
687,You can do it all by clicking on your contacts name
688,Aire
689,Aire is a new communication app loaded with features that lets you talk to your friends and family in more ways than ever(RECORD_AUDIO)
690,ANDROID AND IPHONE COMPATIBLE
691,Type a message or leave a voice message(RECORD_AUDIO)
692,VIDEO CALLS
693,"Aire also gives you more features than any other communication app with voice messaging, sms, mms, group messaging, and walkie talkie(READ_CONTACTS)"
694,WALKIE TALKIE
695,"AIRE, Airetalk, Singfafa, Xingfafa, Air, Communication, Tool, VOIP, VIDEO OIP, Video chat, Voice Chat, SMS, MMS, Push-to-talk, Click-to-talk, voxer, zello, Nextel, blip, hey tell, ptt, viber, line, file transfer, file share, voice messages, voice messaging, skype, LINE(CAMERA,RECORD_AUDIO,WRITE_EXTERNAL_STORAGE)"
696,See the difference today
697,Tags
698,Aire has high quality digital peer 2 peer voice calling to make sure that you can hear the person youre talking to with more clarity than a regular phone
699,TEXT/VOICE MESSAGES(RECORD_AUDIO)
700,Dont let your minutes keep you from talking to the important people in your life
701,Aire allows you to use Aires WEBCALL feature
702,"High quality crisp sounding digital voice over IP calls(RECORD_AUDIO,READ_CONTACTS)"
703,AD FREE ABSOLUTELY
704,"File sharing, GPS Location, Contact list integration, Facebook Login, International Calling(RECORD_AUDIO,ACCESS_FINE_LOCATION,READ_CONTACTS)"
705,Aire makes it easy for you to communicate the way YOU want to
706,Send a file
707,"Aire also lets you transfer files and pictures to your friends, and locate your friends and family through GPS(ACCESS_COARSE_LOCATION,ACCESS_FINE_LOCATION)"
708,Use Aire to make calls to any Aire user with voice or video for free
709,Aire CONTROL PANEL
710,AND MORE
711,Aire gives you multiple options to chat with friends so that you can get in touch with who you need to conveniently and FAST
712,Leave a voice message(RECORD_AUDIO)
713,VOICE CALLS
714,Click to chat quick and easy with Aire walkie talkie
715,(Volume Amplification included)
716,"If a company uses the Aire webcall feature on their website, you can use your Aire application to call their phone line right from their browser"
717,Enjoy seeing your friends and family easily with Aire Video Call
718,Talk face to face with front or rear facing camera
719,"Free Call, Instant Messaging and Multimedia Sharing"
720,Video chat is high quality AND uses less than half of the leading competitors bandwidth(CAMERA)
721,Send a text(READ_CONTACTS)
722,Make a call
723,WEBCALL
724,Simplicity first
725,Ratings
726,"Contact us in a variety of ways, in a simple tap"
727,Ask questions and get answers direct from the experts
728,is a full-service air conditioning and heating company with the ability to service and install complete heating and air conditioning systems
729,"In addition to scheduled service checks, repairing of existing equipment, and installation of new equipment, we can help you find ways to reduce your energy bills through a thorough cost-benefits analysis(CAMERA)"
730,Schedule reminders to change your air filters and perform seasonal maintenance to your home comfort systems
731,Reliable Air Service Now
732,You can count on Reliable Air Service Now
733,"Access money saving rebates, specials and tips on heating and cooling your home"
734,Browse our Product Center to access
735,"Furthermore, we have a patented Straight Forward Pricing Guide so you know what the price is before we do the work and you are never charged by the hour"
736,Our certified technicians use state-of-the-art technology to diagnose and repair existing systems and always use the finest new equipment for installations in the industry
737,"With our mobile app, you can"
738,"Products Descriptions, Key Features and Images"
739,We have an extensive history of repair service on all brands of central air conditioning and heating systems
740,Record and send voice notes(RECORD_AUDIO)
741,to do the job right
742,especially handy in an emergency
743,We service all brands of air conditioning and heating equipment
744,"View Brochures, Warranty Cards and Owner Manuals"
745,Schedule an appointment or consultation around your schedule
746,How many companies are willing to show you their price books
747,Catch blog
748,"Upgrade to Catch Pro to attach PDF/Office files, to create up to 50 spaces and upload up to 1GB of new content each month or to Catch Premier for up to 200 spaces and 5GB of new monthly content(WRITE_EXTERNAL_STORAGE)"
749,MakeUseOf
750,Use email to send web content to your notes ORGANIZE AND SAVE ALL YOUR DISCOVERIES
751,TAKE ACTION WITH SIMPLE MOBILE COLLABORATION
752,Use online AND offline on your mobile phone or tablet
753,Automatically sync shared spaces across everyone&#39;s mobile devices and at Catch.com LEARN MORE
754,NEVER MISS AN IDEA
755,Catch is a free note-taking app designed to make sure you never miss an idea
756,YouTube
757,"Share your spaces for anything you do with others, from projects to grocery lists"
758,Set reminders so you never miss something important(RECEIVE_BOOT_COMPLETED)
759,Facebook
760,~~~ REVIEWS ~~~
761,Protect your notes with a 4-digit PIN
762,Time Tech
763,Tech Republic
764,"checklists, on larger (10&#39;) tablets"
765,"Collaborate with checklists, notes and documents"
766,&#39;Catch is one of the 25 Best Android apps to get you started
767,"&#39;Catch not only helps you keep track of your ideas easily, but takes it to a collaborative level"
768,Automatically backup notes for free across all of your mobile devices and on the web(WRITE_EXTERNAL_STORAGE)
769,Track private tasks with checklists and
770,"The current version will be missing some features and interface elements, e.g"
771,Use tags to label and find your notes easily
772,"&#39;Catch Notes has always been my favorite portable note-taking app and with this last update, it has really proven its worth"
773,Twitter
774,Collect ideas as notes stored in private spaces (think folders)
775,"Capture ideas instantly with voice, photo, and text notes(CAMERA,RECORD_AUDIO)"
776,Share checklists to collaborate on to-do lists
777,Note that the &#39;Read contact data&#39; permission is there only so you can easily pick email addresses from your existing Contacts list when inviting people to share your spaces(READ_CONTACTS)
778,"It lets you capture ideas and discoveries across all your devices and when you&#39;re ready, turn your ideas into action with friends and colleagues using simple, mobile collaboration"
779,Web
780,LIVE 1 to 1 VOICE CHAT with local guys or guys from all over the world(GET_ACCOUNTS)
781,Add guys to your Hot List
782,Use Stealth mode to check out whos online without being listed
783,For support or more information go to
784,"Meet hot gay, bi, and curious guys near you on the best FREE dating app Hardline Chat(CAMERA,GET_ACCOUNTS)"
785,"Get notified when you get hot listed , receive a message or someone unlocks their private pics for you"
786,NEW ACCESS MANAGER lets you unlock your private pics for guys or BLOCK guys you don&#39;t want to see
787,Check out whos viewed your profile
788,"PLEASE SHARE and RATE HARDLINE CHAT 5 STARS SO WE CAN KEEP GIVING YOU MORE(CAMERA,GET_ACCOUNTS)"
789,"Its so easy to make new friends, find dates or hookups on Hardline Chat and its 100% free and simple to use(CAMERA,GET_ACCOUNTS)"
790,Check out guys in other cities when going on a trip or for fun
791,"UNLIMITED IM CHAT, VIDEO and Picture Sharing(CAMERA)"
792,There is nothing like it out there
793,"Its got everything Grindr, Jackd, GuySpy and Scruff doesnt have plus a lot more and it&#39;s all free not like those other apps"
794,NEW PHOTO MANAGER Load up to 5 Public and 5 Private Photos
795,"Whether you are on the go, on a trip, at the office or at home, the Hardline Chat app is where guys meet"
796,You can even change your city and connect with guys from all over the world to help you plan your next trip.One of the best features is that you can chat with guys on North Americas hottest phone chat line while you are on the app(GET_ACCOUNTS)
797,ADVANCED PROFILE Features; What you&#39;re looking for and Gay Lifestyle Categories
798,"Hardline Chat is the first all-male social network that lets you talk live with other guys on the app plus you can send video, IM, share pictures and voice messages(CAMERA,GET_ACCOUNTS,RECORD_AUDIO)"
799,Message or Talk live to guys on the Chatline for FREE
800,All FEATURES 100% FREE
801,See who has hot listed you and unlocked their private pictures for you to see
802,"Hardline Chat is the best location based Gay Dating App that lets you reveal your exact location or you can be discreet and look for guys that fit your specific filter criteria(CAMERA,GET_ACCOUNTS)"
803,Find guys nearby using GPS
804,"If you do use it, we get a few cents and it will help us a lot to keep developing more apps"
805,This app is made free through the help of our sponsors who we&#39;ve allowed to advertise while our app is installed
806,"It has been tested on Xperia 7,IOS,Iphone,HTC,Galaxy S3/S4 and Galaxy Note 2,Sumsung"
807,"Looking for a great pair of big, bouncing boobs, as your android live wallpaper"
808,"It is made up of download, free, sexy and hot bikini girls with big boobs,, photography, Dynamic, Slideshow, changing wallpaper"
809,Interaction Let the girls moan to your every touch
810,"If you do not want to use this new search page, you can either ignore it or delete it"
811,"Then look no further, because this app has more bouncing tits than your android phone or tablet can possibly handle on a single charge"
812,Thank you
813,1 Girl for you to enjoy
814,Only available in the pay version Enjoy this special edition of Bouncing Boobs for FREE on us with one juicy girl for you to watch(RECEIVE_BOOT_COMPLETED)
815,Turn off interaction and simply enjoy the bouncing boob show for hours on end
816,"Girls bouncing their boobs all day, and all night, right on your desktop"
817,"If you don&#39;t, you can delete it and no harm is done (our app remains the same, no need to uninstall it!)"
818,Features
819,"These hot bouncing boobs are also interactive, and can respond to your every touch, pinch, or squeeze"
820,We promise that the ads won&#39;t interfere with the enjoyment of Bouncing Boobs and hope you decide to upgrade to the full version some day(RECEIVE_BOOT_COMPLETED)
821,This app will add a few search access points on your device
822,Enjoy it this Super Bowl Sunday
823,Upgrade to the pay version and get 5 girls in total
824,Requires you to forward your unanswered calls to YouMail
825,Smart greetings
826,NOTES
827,"wow callers, automatically greeting them by name, or with a pre-recorded greeting from the YouMail greetings community"
828,"Easy contact backup and sync with facebook(READ_CONTACTS,WRITE_EXTERNAL_STORAGE)"
829,KEY FEATURES
830,It&#39;s possible for carriers to fail to forward your calls to YouMail correctly (where YouMail won&#39;t find your mailbox or will ask for callers to enter the mailbox number)
831,"save time by simply reading your voicemail within the app or by e-mail, without ever having to listen to it"
832,"High Quality Human edited voicemail-to-text transcription requires a subscription after the free trial is over, but YouMail Visual Voicemail Plus is still free to use if you do not buy a transcription plan(WRITE_CONTACTS,GET_ACCOUNTS,READ_CONTACTS)"
833,"Android phone, Android tablet, computer, or e-mail account"
834,YouMail is more powerful and more fun than any other Android visual voicemail
835,"see caller photos, name, and city and state, even when they&#39;re not in your address book(READ_CONTACTS)"
836,Caller ditching
837,"Major US Carriers supported (including AT and T, Verizon, T-Mobile, Sprint)"
838,"To reactivate YouMail, just use &#39;menu&#39;, &#39;preferences&#39;, &#39;accounts&#39;, and &#39;forward to YouMail&#39;"
839,"easily save important messages forever, neatly organized in folders, and share them on twitter or facebook"
840,But it may be you live in an area where you&#39;re out of luck and would have to buy YouMail Pro to solve the problem
841,Scroll and play voice messages on any device(RECORD_AUDIO)
842,High Quality Human-edited voicemail to text transcription
843,whether they left a message or just hung up
844,Visual caller ID(READ_CONTACTS)
845,"unwanted callers are sent to voicemail automatically, where they hear &#39;this number is out of service&#39; and can&#39;t leave a message(RECORD_AUDIO)"
846,"Sorry, doesn&#39;t work with pre-paid plans, such as T-mobile Flex-Pay, Simple Mobile, Family Mobile, and Virgin Mobile, and for most Metro PCS and Cricket users"
847,And it&#39;s FREE
848,"To return to your old voicemail at any time, use &#39;menu&#39;, &#39;preferences&#39;, &#39;accounts&#39;, and &#39;forward to carrier&#39; (or simply &#39;google&#39; cancel YouMail for instructions)"
849,By using YouMail you agree to the YouMail terms of service
850,Premium Read-It Plan required
851,Leaving negative reviews with vague comments will not help us fix the app
852,Total ownership
853,It&#39;s possible for carriers to drop your call forwarding
854,"Join millions of other users on YouMail Visual Voicemail Plus(WRITE_CONTACTS,GET_ACCOUNTS,READ_CONTACTS)"
855,access your contacts on any device
856,"We listen to our users, what&#39;s wrong, and fix all that we can with every new release"
857,Help us help you
858,"voice assistant, walking, driving also chat(RECORD_AUDIO)"
859,circle of friends
860,"Yi Shun is a moment hottest mobile chat software, in addition to support for sending high-definition voice, text, images, also has the free text messages, phone messages and a wealth of interesting textures expression(READ_CONTACTS)"
861,"Free SMS three networks, communication from accessibility"
862,"music sharing, confession you feel"
863,"Good music, Qi share, one million library, use it everywhere, relaxed mood music show"
864,Feedback)
865,"Exclusive noise reduction technology that allows voice messages clearer, communicate with effortless"
866,Features easecredit
867,"Read out her name, intelligent voice recognition, immediately start chatting"
868,"So that communication back to basics, it&#39;s time to update your chat tool(READ_CONTACTS)"
869,"credulity, lighter and more stylish"
870,"Built-six sets of rich textures chat expressions, selling Meng, Shuashuai, pretending to be cool, watch &#39;feeling&#39; invincible"
871,You can easily letter directly to the mobile phone number to send voice messages(RECORD_AUDIO)
872,the software to enter (Settings
873,"phone messages, voice messages play cross-border"
874,SMS Chat is not enough good news phone to help you pass
875,"expression maps, fresh Meng Department of love"
876,6&#39;&#39;
877,"HD sound, still talk around longer argue"
878,(Feedback)
879,"Photographed life, you can upload and share text, pictures with friends who share their current situation"
880,"Easy to believe you can give telecommunications, mobile, Unicom users to send free text messages, even though they do not use an e-mail or the other without a mobile phone network, the message can be delivered immediately(READ_CONTACTS)"
881,See www.vonage.com/reasonable_use_policy for more details
882,Pat
883,"unlimited calling to any or all Globe numbers in the Philippines(WRITE_CONTACTS,RECORD_AUDIO,READ_CONTACTS)"
884,Extensions usage is combined with home phone usage under the policy
885,For everyone
886,Vonage Unlimited to Globe Philippines
887,Vonage U.S. and Canada Unlimited
888,"One-touch dialing from within the app, using your address book(READ_CONTACTS)"
889,"Save your cellular minutes by calling over 3G/4G, when Wi-Fi isn&#39;t available(WRITE_CONTACTS,RECORD_AUDIO,READ_CONTACTS)"
890,Great for calling both internationally and within the U.S
891,Download the FREE Vonage Extensions app for Android device
892,"Avoid roaming fees by calling over Wi-Fi when traveling abroad(WRITE_CONTACTS,RECORD_AUDIO,READ_CONTACTS)"
893,Sign in
894,Vonage home phone service required
895,Start saving on your calls by downloading this incredible app for FREE
896,"For Vonage customers, this app makes your Android device an extension of your Vonage home calling plan(READ_CONTACTS)"
897,Vonage World plus unlimited calling to mobile and landlines in Mexico
898,"unlimited calling to 60+ countries(WRITE_CONTACTS,RECORD_AUDIO,READ_CONTACTS)"
899,Make high-quality calls over Wi-Fi in areas with poor cellular coverage
900,Access your account right from the app to check your Vonage voicemail and set up call forwarding
901,Dial the number you want to call and start talking(READ_CONTACTS)
902,Vonage World
903,For international callers
904,Reasonable Use Policy applies to unlimited calling
905,Get started now
906,"Make international calls using your US cellular minutes or over 3G/4G, when Wi-Fi isn&#39;t available"
907,"unlimited calling to U.S., Canada and Puerto Rico(WRITE_CONTACTS,RECORD_AUDIO,READ_CONTACTS)"
908,Enjoy unlimited international calling from your mobile phone if it&#39;s included with your home calling plan(READ_CONTACTS)
909,Vonage World Mexico Sin Limites
910,"Calls made from mobiles may use airtime and incur charges, depending on your mobile plan"
911,Popular Vonage calling plans(READ_CONTACTS)
912,This is absolutely FREE
913,"&#39;But Babbel&#39;s focus on speaking, the wide selection of languages and the modest price make it competitive with both the free Duolingo and the sophisticated but pricey Rosetta Stone"
914,"Actively speak Brazilian Portuguese with babbel.com, one of the biggest language learning platforms worldwide"
915,Learn Portuguese with Babbel
916,"With Babbel you won&#39;t just learn quickly, intuitively and flexibly, but also more affordably than with traditional language courses"
917,"Play, understand, speak and write"
918,"With the babbel.com website learning system, you can learn Portuguese flexibly online"
919,"3000 vocabulary words with images, pronunciation and sentence examples"
920,Your Babbel Mobile team
921,free of charge and with no obligations
922,"Beginner and refresher courses, grammar, verb training, tongue twisters, phrasebooks and much more(RECORD_AUDIO)"
923,"study vocabulary with interactive exercises, systematically deepen your knowledge and practice your pronunciation"
924,The Economist (Jun 14th 2013)
925,Brazilian Portuguese
926,VISIT US
927,Just give it a try
928,"Learn English, Spanish, French, Italian, German, Brazilian Portuguese, Swedish, Turkish, Polish, Dutch or Indonesian and communicate with people from all over the world"
929,Optimized for tablets
930,This is the only way the vocabulary you&#39;ve learned can be saved and your progress analyzed
931,The first lesson of any category is already included in this app
932,This helps embed what you&#39;ve learned in your long-term memory
933,CIRCLE US
934,The courses have been developed by experts and improved with years&#39; worth of customer feedback
935,Learning languages on the internet has never been so easy
936,Interactive Portuguese exercises for vocabulary and grammar as well as other tools enable you to pinpoint and learn what you need
937,The courses are divided into manageable themes and offer you a variety of different Portuguese exercises
938,Get the free Basic and Advanced Vocabulary at home and on-the-go(RECORD_AUDIO)
939,The intelligent review manager presents the vocabulary you&#39;ve learned in optimal intervals for review
940,You can create your personal Babbel account directly on the app
941,FAN US
942,Extra courses and features on babbel.com
943,Vocabulary trainer for beginners and advanced learners(RECORD_AUDIO)
944,Basic and Advanced Vocabulary(RECORD_AUDIO)
945,Write with your questions and suggestions to
946,Integrated speech recognition for pronunciation exercises(RECORD_AUDIO)
947,"To be able to download additional vocabulary packages and use the review manager, you will need a free Babbel account(RECORD_AUDIO)"
948,Fear of speaking
949,Offline mode
950,"Thanks to integrated speech recognition, you can rate and practice your Portuguese pronunciation(RECORD_AUDIO)"
951,Other Portuguese vocabulary packages can be downloaded(RECORD_AUDIO)
952,About babbel.com
953,You can try the first Portuguese exercises online
954,No problem
955,We&#39;re happy to have your feedback
956,Free app
957,FOLLOW US
958,Numerous themes
959,Intelligent review manager
960,Requirements
961,Navigate to the nearest doctor
962,Events from the next day after tomorrow
963,How long is River Thames
964,How&#39;s the weather
965,"Post to Facebook &#39;Good morning, world(GET_ACCOUNTS)"
966,"ALPHA improves daily, with your help"
967,Turn Bluetooth on
968,(automatic position detection)
969,Light off
970,Changelog
971,ALPHA is your personal voice assistant(RECORD_AUDIO)
972,Who is Barack Obama
973,How far is it from Cologne to Berlin
974,Show me a picture of the Eiffel Tower
975,Simply ask ALPHA for anything that interests you
976,Elevation of New York
977,Probably your device does not support this function; an additional alarm app (e. g. Circle Alarm) may be required
978,_Tags
979,Of course these are only examples
980,When he died
981,Set the timer to 3 minutes and 10 seconds
982,and providing the best results
983,Search for restaurants near to me
984,Show me my calendar
985,What is Google
986,What is my horoscope
987,(Mute)
988,Facebook
989,Google+
990,And the best of all
991,_That means
992,Search for a shop in Hamburg
993,The alarm does not work
994,What means hello in Japanese
995,Who is his wife
996,Only available in the Pro version
997,What is 2 times pi
998,Who is her boyfriend
999,How many states does the US have
1000,Who directed in Avatar
1001,it knows what you want and talks with you
1002,_Please note
1003,Do I have an appointment on Friday
1004,Timer at 20 o&#39;clock
1005,Remind me tomorrow at 5 o&#39;clock to the meeting with Peter
1006,_ Up to 60% better voice recognition
1007,Google Voicesearch
1008,Terms and Conditions
1009,Are there cafes here
1010,Calculate 3 times 8 minus root of tangent of 3
1011,Navigate to London
1012,Create a new event
1013,Switch the light on
1014,Go to Facebook
1015,Open TheTimes.co.uk
1016,Comparison
1017,Which nationality has Obama
1018,When was Michael Jackson born
1019,Call my wife
1020,The online TTS is powered by iSpeech
1021,Who was the leading actor of the movie Avatar
1022,Search for Wikipedia antimatter
1023,"ALPHA understands you too, if you speak colloquially"
1024,which is growing every day
1025,Sounds off
1026,My name is Peter
1027,"Voice control, Alice, AIVC, Alicoid, Agent, Iris, Risi, Cluzee, S Voice, Eva, Omega, Siri, Apple, iPhone, iPad, Majel_"
1028,This is a lite version of ALPHA with restricted functionality
1029,and much more
1030,ALPHA can research data and facts and execute commands
1031,How long takes the film Avatar
1032,Supported languages
1033,Where is the Eiffel Tower
1034,English and German
1035,WLAN off
1036,What is the capital of Turkey
1037,Where am I
1038,How tall is Lionel Messi
1039,How old is Rihanna
1040,Say for example &#39;How is the weather today in Cologne
1041,Wake me up at 6 o&#39;clock
1042,Write an SMS to John Doe
1043,Be quiet
1044,Who is the prime minister of Turkey
1045,Write an e-mail
1046,How old is he
1047,&#39; and ALPHA will show you the relevant weather data for Cologne
1048,"We use the Intelligent Recognition Resampler method, which is analyzing your speech several times with the help of a huge database"
1049,My zodiac sign is Aries
1050,How will be the weather like in Paris(ACCESS_FINE_LOCATION)
1051,How big is London
1052,How many people live in Germany
1053,"You can talk with ALPHA about the weather, call contacts and much more(READ_CONTACTS)"
1054,Do I have appointments from Tuesday till Friday 14 o&#39;clock
1055,You can dress him up in different ways (funny clothes
1056,"fart, sneeze fire; strike around with its tail, etc"
1057,"There are many backgrounds available, which you are able to choose as it pleases you"
1058,Cool 3D graphics with high quality
1059,Sony Ericsson Xperia
1060,Spoken-Interaction/-Animations
1061,"Discover the magical, enchanted, funny world of this crazy dragon"
1062,"blue tongues, green skin with red spots, squirrel on the head and shrinking)"
1063,Lighter modus (flames react like real ones)
1064,It offers children of all ages a lot of fun and especially girls will love it
1065,"HTC EVO, One and Desire"
1066,Verizon Motorola Droid Pro
1067,This is a hot app that offers endless entertainment and laughter for everybody
1068,"Tap on one of the dragon heads, his body and on all the different buttons to find out more about this mighty creature&#39;s personality"
1069,3 talking heads
1070,T-Mobile Samsung Galaxy S2 and S3
1071,Speak with the cool three-headed dragon he will answer with his funny voice or react to your touch
1072,He becomes ensorcelled (various funny animations
1073,And much more like
1074,He repeats what you say
1075,"He can dance to different styles of music (heavy metal with long black hair, blues with cool glasses and hats, pop with funny hats, dancing with strobe effect, hip-hop with gold jewelry / bling bling, etc"
1076,have fun with it
1077,You will probably not imagine such an amazing beast even in your dreams
1078,Not optimized for tablets
1079,Features
1080,Optimized for Android phones
1081,Nexus
1082,"He can imitate animal sounds (dog, cat, cow, lion, horse, pig, chicken, etc"
1083,"bra, negligee, skirt, dresses)"
1084,This is a free app
1085,Hammer game inside
1086,"Overall, he is a very funny guy who does not always agree with himself, sometimes does comical grimaces and laughs"
1087,Combine them however you&#39;d like
1088,+ &#39;I love the beatbox
1089,Pick one from your music library and start scratching away
1090,WHAT FANS ARE SAYING
1091,"+ &#39;Painting graffiti has never been my thing, but I&#39;m slowly picking it up"
1092,Discover all his movements
1093,Discover all the possibilities of &#39;TALKING RAPPER&#39; and learn just what it takes to be a successful rap artist
1094,Now you can play non-stop
1095,"Instead of only responding to touch or simply repeating what he hears, you can do much more with this cool guy"
1096,We&#39;ve improved the application and increased its functionality speed
1097,play with a beatbox
1098,TALKING RAPPER does much more than just talk
1099,WHAT YOU CAN DISCOVER WITH TALKING RAPPER
1100,TWO HIGH-QUALITY INSTRUMENTS
1101,Have fun crafting your own beats or adjust the rhythms ones already included
1102,Scratch the record with your favorite song
1103,AND MORE
1104,Enjoy your very own BEATBOX
1105,TALKING RAPPER includes two fun musical instruments typical of the rap scene
1106,Have him play a real beatbox
1107,It&#39;s never been this easy
1108,Record a video and share it with the world
1109,Paint graffiti and send it to your friends
1110,Enjoy the new update
1111,"complete with tons of hot beats and jammin&#39; sounds, scratch the record, paint graffiti on the wall and invite your friends"
1112,It&#39;s a great addition and I can spend hours and hours making beats
1113,SCRATCH the record to your favorite song
1114,Talk to him and he&#39;ll repeat what you say
1115,Supported languages
1116,Conflicts with other programs
1117,Task Manager If you use Taskmanagers apps such as &#39;Advanced Task Killer&#39; you must put &#39;Talking AlarmClock&#39; on the exclusion list (ignore list) since
1118,these tools can kill the alarm service used by &#39;Talking AlarmClock&#39; compromising functionality
1119,Wake up with your own voice or the voice of the person you love with the record vocal function or set your &#39;personalized sentence&#39; and talking alarm clock will use it to wake you up
1120,"If the &#39;Talking Alarm Clock&#39; doesn&#39;t work, try to do this in your phone"
1121,&#39;Text to speech setting&#39;- &#39;Install voice data&#39;
1122,The first alarm clock that says what you want
1123,Moreover Talking Alarm Clock tells you the current time
1124,To snooze the alarm you can simply shake the phone
1125,"italian, english, spanish, french, german (language automatically selected)"
1126,"Go to &#39;Setting&#39;-  &#39;Voice input and output&#39;(RECORD_AUDIO,WRITE_SETTINGS)"
1127,Talking alarm clock is further provided with large snooze button to prevent you from accidentally turning off the alarm(WRITE_SETTINGS)
1128,Other English vocabulary packages can be downloaded(RECORD_AUDIO)
1129,This is absolutely FREE
1130,"&#39;But Babbel&#39;s focus on speaking, the wide selection of languages and the modest price make it competitive with both the free Duolingo and the sophisticated but pricey Rosetta Stone"
1131,"Actively speak English with babbel.com, one of the biggest language learning platforms worldwide(RECORD_AUDIO)"
1132,"Play, understand, speak and write"
1133,"Learn English, Spanish, French, Italian, German, Brazilian Portuguese, Swedish, Turkish, Polish, Dutch or Indonesian and communicate with people from all over the world"
1134,"3000 vocabulary words with images, pronunciation and sentence examples"
1135,"With Babbel you won&#39;t just learn quickly, intuitively and flexibly, but also more affordably than with traditional language courses"
1136,This is the only way the vocabulary you&#39;ve learned can be saved and your progress analyzed
1137,free of charge and with no obligations
1138,"Beginner and refresher courses, grammar, verb training, tongue twisters, phrasebooks and much more(RECORD_AUDIO)"
1139,"study vocabulary with interactive exercises, systematically deepen your knowledge and practice your pronunciation"
1140,The Economist (Jun 14th 2013)
1141,Learn English with Babbel
1142,VISIT US
1143,Just give it a try
1144,Optimized for tablets
1145,"With the babbel.com website learning system, you can learn English flexibly online"
1146,Learning languages on the internet has never been so easy
1147,The first lesson of any category is already included in this app
1148,This helps embed what you&#39;ve learned in your long-term memory
1149,CIRCLE US
1150,The courses have been developed by experts and improved with years&#39; worth of customer feedback
1151,Interactive English exercises for vocabulary and grammar as well as other tools enable you to pinpoint and learn what you need
1152,Get the free Basic and Advanced Vocabulary at home and on-the-go(RECORD_AUDIO)
1153,English
1154,The intelligent review manager presents the vocabulary you&#39;ve learned in optimal intervals for review
1155,You can create your personal Babbel account directly on the app
1156,FAN US
1157,Extra courses and features on babbel.com
1158,Vocabulary trainer for beginners and advanced learners(RECORD_AUDIO)
1159,Basic and Advanced Vocabulary(RECORD_AUDIO)
1160,Write with your questions and suggestions to
1161,Integrated speech recognition for pronunciation exercises(RECORD_AUDIO)
1162,"To be able to download additional vocabulary packages and use the review manager, you will need a free Babbel account(RECORD_AUDIO)"
1163,Fear of speaking
1164,You can try the first English exercises online
1165,Offline mode
1166,About babbel.com
1167,Your Babbel Mobile team
1168,Intelligent review manager
1169,No problem
1170,We&#39;re happy to have your feedback
1171,"Thanks to integrated speech recognition, you can rate and practice your English pronunciation(RECORD_AUDIO)"
1172,Free app
1173,FOLLOW US
1174,Numerous themes
1175,The courses are divided into manageable themes and offer you a variety of different English exercises
1176,"Crosspost select moments to Facebook, Twitter, Tumblr, and Foursquare"
1177,"Your family and friends can comment, smile, laugh, gasp, frown or love your photos, places, music, and more"
1178,"Send your Path moments to Facebook, Twitter, Foursquare, and Tumblr"
1179,Say more in a single tap with handcrafted stickers from some of our favorite artists
1180,"rediscover memories on Path by season, holidays, weather, dates, people, places, birthdays, nearby, and more"
1181,"Say more in a single tap with handcrafted stickers from some of our favorite artists like David Lanham, Hugh MacLeod, and Richard Perez"
1182,"Private one-on-one and group messaging with your words, your voice, your location, photos, stickers, music, and more(READ_CONTACTS)"
1183,Share life
1184,The Shop
1185,"Stay here, post anywhere"
1186,"Capture photos and use Path-exclusive, custom-designed filters and editing features(CAMERA)"
1187,"Now with Path 3, we&#39;ve added private messaging and stickers so you can chat instantly with the ones you love"
1188,Say it better with stickers
1189,"Simply import your photos, statuses, and check-ins from Instagram, Facebook, and Foursquare and keep all of your memories in one beautiful place"
1190,Search
1191,Interact with your friends&#39; posts
1192,"Use your words, your voice, your location, media, stickers, and more"
1193,"Share the music you&#39;re listening to, the movies you&#39;re watching, and the books you&#39;re reading"
1194,Messaging
1195,Photo filters and editing features require Android 2.3.3+ with OpenGL ES 2.0
1196,Keep it close
1197,Path is a personal social network designed to help you be closer with family and friends
1198,The hand curated place to find premium photo filters and handcrafted stickers to make your Path experience more you
1199,Features
1200,"Journal your thoughts, when you&#39;re asleep or awake, and check in to places with friends"
1201,"Smile, laugh, gasp, frown at, or love their moments"
1202,"Import your photos, statuses, and check-ins from Instagram, Facebook, and Foursquare, and use Path&#39;s search to rediscover them"
1203,"The fast, fun, and private way to message your family and friends one-to-one or in small groups"
1204,"Then you can search to rediscover your memories by people, seasons, holidays, and more"
1205,Stickers
1206,"By focusing on beautiful design and simple experience, Path maintains a 5 star rating and is loved by millions of people"
1207,Acces_network_state
1208,Internet
1209,keywords
1210,Record audio(RECORD_AUDIO)
1211,"Ability to see with very small quantities of light hyper silent spy camera with 3 vision modes night, infra-red, and thermal visions(CAMERA)"
1212,In some countries taking picture without permission is a crime so use responsibility(WRITE_EXTERNAL_STORAGE)
1213,This application is for free so please don&#39;t write bad comments if not work
1214,Night Vision Spy Cam Camera picture image catch light(CAMERA)
1215,Night vision spy cam support ARM and ARM 7 optimized image processing to catch the smallest light beam
1216,required in order to display ads
1217,Shoot without the shutter sound
1218,Access the flashlight
1219,Thank you
1220,Capture pictures with different effects(CAMERA)
1221,"Make in mind that, this Night vision spy camera doesn&#39;t work in complete darkness(CAMERA)"
1222,Permissions list
1223,night vision thermal and infrared
1224,This is machine translation so we sorry if something is wrong
1225,Tactical clock
1226,Tactical mission timer
1227,Zoom in and Zoom out
1228,required in order to save the pictures to the SD card
1229,"Night vision spy cam with 3 vision modes night, IR, and thermal"
1230,Required to be able to access the camera device(CAMERA)
1231,to keep processor from sleeping or screen from dimming
1232,required by the camera
1233,Write to external storage
1234,Support the free development
1235,Night vision spy cam free
1236,Autofocus
1237,PowerManager WakeLocks
1238,Take pictures when nobody see you in the Darkness(WRITE_EXTERNAL_STORAGE)
1239,"Excited, in love or feeling flirty, there is a sticker for every occasion"
1240,Adding contacts is easy and safe
1241,"Share your location instantly in a message or group chat(ACCESS_COARSE_LOCATION,ACCESS_FINE_LOCATION)"
1242,Personal
1243,Use a secret PIN like BBM Messenger
1244,"Quickly snap a photo to capture the moment as it unfolds, then privately send these expressive pictures to select friends or groups"
1245,Emojis
1246,Say it better with Stickers
1247,"Doodles, emojis, location-share, push-to-talk and walkie-talkie"
1248,Photo Broadcast
1249,Draw and Doodle
1250,"Its a trusted, and intimate environment to express and show your emotions"
1251,"Text your friends hundreds of colorful, expressive characters to capture just how you feel in any given moment"
1252,Keep broadcasting and start a conversation with multiple friends
1253,Message Search
1254,Connect
1255,"Chat absolutely FREE using Wi-Fi, 3G, EDGE or LTE"
1256,"With stickers, unlimited expression is only a click away"
1257,Drop the need for SMS and exchange one-on-one or group text messages with your friends and family worldwide at absolutely NO COST(READ_CONTACTS)
1258,"Choose from a variety of different sticker packs for every day, occasion, mood and style"
1259,Also check out push-to-talk recording and walkie-talkie feature
1260,Send one of over 180 emoticons and emojis to create and express a message with one touch
1261,Use unique features like no other messenger
1262,"Like iMessage, never worry about losing your chats or groups; with one click find your friends messages, read through history and start a conversation again"
1263,"Instantly snap a photo and send it to a friend, a couple of friends or even several groups of friends simultaneously"
1264,Group Chat
1265,Participate and invite an unlimited amount of friends in group chats
1266,"Optimized for communicating with speed, simplicity and fun"
1267,Its the easiest way to share great moments with everyone that matters most to you
1268,Choose and send from over 180 different emoticons and emojis using the emoji keyboard and express yourself visually
1269,"Send over 180 emoticons, emojis and sticker to express yourself"
1270,"Use a variety of brush sizes and colors, create a custom art piece, or doodle on a friends photo"
1271,"Chat, text and IM FREE all over the world"
1272,"Why use MessageMe, a free, global, safe and fast way to send messages and photos"
1273,"Capture and share your favorite moments through photos, videos, voice messaging and more(CAMERA,RECORD_AUDIO)"
1274,Draw or doodle directly on top of pictures
1275,Were introducing photo broadcasting and stickers in this latest update
1276,"Add and remove groups participants, change group names and add a profile photo to express the emotion and state of groups with your friends"
1277,Be part of the 1st of over 5 million people using MessageMe
1278,MessageMe was created to connect and communicate with your closest friends and family
1279,Express a thousand words with a single sticker
1280,3rd Party VoIP and Instant Messaging Services
1281,"Works cross-platform on iPhone, iPod touch, iPad, Facebook and all Internet browsers"
1282,Official Blog
1283,"Now, bringing further improved Group Video Call and Multimedia Messaging feature, hence saving big on your monthly cellular bills(READ_CONTACTS)"
1284,"FREE FriendCaller to FriendCaller HD Audio/Video calls, Group Video Calls, Group Messaging and Instant Messages(READ_CONTACTS,WRITE_SETTINGS)"
1285,Rich Media Messaging(READ_CONTACTS)
1286,Note
1287,Offer Wall feature
1288,"We support over 2133 Android devices, to provide you a trouble-free voice and video calling interface(READ_CONTACTS)"
1289,You can even send your current location and share contacts and friends(READ_CONTACTS)
1290,Location Sharing(ACCESS_FINE_LOCATION)
1291,"Cheap International call rates(RECORD_AUDIO,READ_CONTACTS)"
1292,Nokia S40
1293,"Free Group Video Chat, VoIP calls and IM for your Android mobiles and tablets(CAMERA)"
1294,"Multimedia Messaging which allows you to send images, videos, animations, voice and video messages(CAMERA,RECORD_AUDIO,READ_CONTACTS,WRITE_SETTINGS)"
1295,Only with FriendCaller you can see all your friends at the same time while talking to them
1296,Integrated echo-cancellation
1297,Caller-ID / DID (Direct Inward Dialing a simple yet useful feature)
1298,"NO additional connection charges, set-up Fee, or monthly subscriptions"
1299,SIP devices
1300,"Turn your Android HD device into a complete Video and Voice over IP (VoIP) phone; make Voice calls to over 400 global networks, FREE Video Calls, easy Group Calling and Instant Messaging(READ_CONTACTS)"
1301,Facebook
1302,Instant Messages to FriendCaller users with offline email notification
1303,Visit us
1304,Also send texts (SMS) and Instant Messages (IM)(READ_CONTACTS)
1305,Free Video Conferencing for up to 7 LIVE Video Chat plus 20 Voice participants(CAMERA)
1306,"NO need to set up Video Chat Rooms, you can create instantly as many groups you like and start your Video Chat instantly, call or exchange instant messages(CAMERA,READ_CONTACTS)"
1307,"Invite friends via email, address book or import contacts from your favorite email provider(READ_CONTACTS)"
1308,"And now with the newly launched Android HD version in the marketplace, you can enjoy"
1309,"Windows, Mac, Internet browser-based BrowserPhone"
1310,Full 3G/4G/WiFi support on all Voice and Video calls
1311,Download latest apps and earn free calling credits(READ_CONTACTS)
1312,You can even send your location information(ACCESS_FINE_LOCATION)
1313,Call forwarding
1314,Facebook Connect
1315,"FREE to download, FREE Group Video Chat(CAMERA)"
1316,"Multilingual support (Chinese, German, French, Italian and Spanish)"
1317,"The ultimate smooth real Group Video Calling experience with 7 Video participants and 20 more members for Audio access(RECORD_AUDIO,READ_CONTACTS)"
1318,"Send images, videos, animations, voice and video messages to your friends(CAMERA,RECORD_AUDIO,READ_CONTACTS,WRITE_SETTINGS)"
1319,"FriendCaller is a unique VoIP service, you cannot use your AIM, Fring, HeyWire, Google Talk, iCall, MeeBo, Nimbuzz, Skype, Truphone, TextFree, TextNow or other services&#39; account with FriendCaller(READ_CONTACTS)"
1320,"The FriendCaller messenger supports Group Messaging on your Android mobiles and tablets with family and friends, around the world(READ_CONTACTS)"
1321,Official Website
1322,Twitter
1323,"Push notifications facility with C2DM technology, saving battery"
1324,Features including
1325,Your second phone line
1326,Call and message history
1327,"Login directly using your Facebook account and initiate instant Voice calls and Video chat(CAMERA,GET_ACCOUNTS)"
1328,A Personal Phone number
1329,"iPhone, iPod touch, iPad"
1330,Multimedia Messaging(READ_CONTACTS)
1331,FriendCaller app is also available for
1332,Date and time (auto-stamp option)
1333,Use the mobile forms in locations with or without cellular or wifi access 7
1334,User interfaces are optimized for tablets and phones
1335,Numeric data
1336,Download the doForms mobile app to your device 2
1337,"Sign up for a doForms website account Standard (free), Professional or Dispatch 3"
1338,Manage permissions and projects
1339,Relevance and skip logic
1340,Mobile App
1341,Calculations
1342,Video recording
1343,"Email professional looking PDF and Excel reports with your logo, pictures, maps and media links 9(WRITE_EXTERNAL_STORAGE)"
1344,Section labels
1345,See our website for partnering programs
1346,Approvals
1347,HOW IT WORKS
1348,Page breaks
1349,Single choice answers
1350,DEVELOPER or IT PRO
1351,Or use any of the 300+ forms in our Public Library as a starting point 5
1352,Pictures
1353,Required questions and value constraints
1354,Location tracking(ACCESS_FINE_LOCATION)
1355,"Your forms will work seamlessly across Android, iPhone/iPad and BlackBerry 12"
1356,"Use your doForms website to aggregate, view, filter, map data sent from mobile device(s) 10"
1357,"Integrated Data Website w/Maps(ACCESS_COARSE_LOCATION,ACCESS_FINE_LOCATION)"
1358,Audio notes
1359,Centralized push of dispatches and work orders
1360,Email PDF reports(WRITE_EXTERNAL_STORAGE)
1361,GPS locations (auto-stamp option)(ACCESS_FINE_LOCATION)
1362,Barcode scanning(CAMERA)
1363,Your published forms are automatically synced to your mobile device(s) 6
1364,Grid tables
1365,Use our web-based toolkit to make your own customized forms 4
1366,You do NOT want to sign up for a website account (free or paid)
1367,Sketches
1368,"Export data to PDF, CSV, Excel, Text, HTML, KML Google Docs, and Open Office 11(WRITE_EXTERNAL_STORAGE)"
1369,Signatures
1370,"Everything you need in a turn-key, all-in-one, reliable, secure and fully hosted solution"
1371,SUPPORTED DATA TYPES
1372,ADVANCED FEATURES
1373,WHEN NOT TO CHOOSE DOFORMS
1374,Text data
1375,"Save incomplete forms on your device, or send completed forms to your doForms website 8"
1376,"Lookup tables (Excel, CSV)"
1377,Category scores
1378,WHAT YOU GET
1379,You want to build forms right on your mobile device (try Form Builder by ts-apps.net)
1380,Multiple choice answers
1381,Powerful Form/App Creation Toolkit
1382,Custom branding
1383,Repeatable sections (loops)
1384,Use our Web Services or Data Exchange Server to make doForms the mobile component of your existing applications and information systems
1385,"Play, record, pause/resume, loop, convert audio files"
1386,"share your recording on Google Drive, Skydrive, DropBox, Box,"
1387,"+ Portuguese,"
1388,"+ Ubuntu One,"
1389,"+ SoundCloud,"
1390,"+ Google Drive,"
1391,Application movable to SD Card
1392,+ German
1393,Record in background even when the phone is locked(RECORD_AUDIO)
1394,"+ Simplified and Traditional Chinese,"
1395,Edit your recording to keep only interesting parts
1396,"+ SkyDrive,"
1397,Use external microphone (3.5 jack(RECORD_AUDIO)
1398,"+ Spanish,"
1399,+ Mono/stereo
1400,File format supported
1401,"+ Dropbox,"
1402,Language translations
1403,If you have a question ask by mail or on Facebook
1404,"Convert your files in different format (wav, ogg and mp3)"
1405,Disable notifications to discreetly record
1406,You can send me mail with feedback too
1407,"Share your recordings + on social network,"
1408,"+ Russian,"
1409,Main functions
1410,"+ 8, 11, 12, 16, 22, 24, 32, 44 and 48kHz"
1411,"record (in mp3/ogg/wav) meetings, rehersals, music learning, EVP,"
1412,+ or others sharing apps
1413,RecForge is a high quality sound recorder(RECORD_AUDIO)
1414,Different widgets size (one click to record)
1415,Manual gain adjustment
1416,convert your recordings in diferent audio format
1417,replace your Dictaphone
1418,"+ Finnish,"
1419,cf FAQ)
1420,"+ Hungarian,"
1421,"Find and Play recordings by date, name and size"
1422,"+ Italian,"
1423,"+ Bluetooth,"
1424,"File manager with folders (rename, delete, copy,(WRITE_EXTERNAL_STORAGE)"
1425,It is very important for me to improve RecForge
1426,"+ Turkich,"
1427,(I can&#39;t answer in comments)
1428,RecForge can be used to
1429,"+ wav, mp3 (up to 128kbps) and ogg (up to 250 kbpls)"
1430,Please take some few seconds to rate RecForge on the market
1431,Change Play back rate
1432,edit audio files
1433,Try it before buying the pro version
1434,"Real-time record in mp3, ogg and wav(RECORD_AUDIO)"
1435,+ 16bits
1436,"The Lite version has all the features of the pro version, but ogg and mp3 recording are paused every 3 minutes (no limit for wav), just press the pause button to continue(RECORD_AUDIO)"
1437,Warning
1438,"+ French,"
1439,Disable AGC (Automatic Gain Control) for better sound quality (android   2.1)
1440,"+ English,"
1441,need an adapter
1442,"It allows to Record, Edit and Share sounds, voices, notes, musics or any other audio"
1443,"+ Box,"
1444,"+ by mail,"
